/computes0/service/id,/computes0/vcpus_used,/computes0/local_gb_used,/computes0/vcpus,/computes0/memory_mb_used,/computes0/memory_mb,/computes0/current_workload,/computes0/cpu_info/topology/cores,/computes0/cpu_info/topology/cells,/computes0/cpu_info/topology/threads,/computes0/cpu_info/topology/sockets,/computes0/running_vms,/computes0/free_disk_gb,/computes0/hypervisor_version,/computes0/disk_available_least,/computes0/local_gb,/computes0/free_ram_mb,/computes0/id,/computes0/metrics/compute-node/compute-node-cpu-frequency,/computes0/metrics/compute-node/compute-node-cpu-idle-percent,/computes0/metrics/compute-node/compute-node-cpu-idle-time,/computes0/metrics/compute-node/compute-node-cpu-iowait-percent,/computes0/metrics/compute-node/compute-node-cpu-iowait-time,/computes0/metrics/compute-node/compute-node-cpu-kernel-percent,/computes0/metrics/compute-node/compute-node-cpu-kernel-time,/computes0/metrics/compute-node/compute-node-cpu-percent,/computes0/metrics/compute-node/compute-node-cpu-user-percent,/computes0/metrics/compute-node/compute-node-cpu-user-time,/computes0/metrics/hardware/hardware-cpu-load-15min,/computes0/metrics/hardware/hardware-cpu-load-1min,/computes0/metrics/hardware/hardware-cpu-load-5min,/computes0/metrics/hardware/hardware-cpu-util,/computes0/metrics/hardware/hardware-disk-size-total,/computes0/metrics/hardware/hardware-disk-size-used,/computes0/metrics/hardware/hardware-memory-buffer,/computes0/metrics/hardware/hardware-memory-cached,/computes0/metrics/hardware/hardware-memory-swap-avail,/computes0/metrics/hardware/hardware-memory-swap-total,/computes0/metrics/hardware/hardware-memory-total,/computes0/metrics/hardware/hardware-memory-used,/computes0/metrics/hardware/hardware-network-ip-incoming-datagrams,/computes0/metrics/hardware/hardware-network-ip-outgoing-datagrams,/computes0/metrics/hardware/hardware-system_stats-cpu-idle,/computes0/metrics/hardware/hardware-system_stats-io-incoming-blocks,/computes0/metrics/hardware/hardware-system_stats-io-outgoing-blocks,/computes0/metrics/hardware-disk#_dev_nvme0n1p1/hardware-disk-size-total,/computes0/metrics/hardware-disk#_dev_nvme0n1p1/hardware-disk-size-used,/computes0/metrics/hardware-disk#_dev_nvme0n1p2/hardware-disk-size-total,/computes0/metrics/hardware-disk#_dev_nvme0n1p2/hardware-disk-size-used,/computes0/metrics/hardware-disk#loop2/hardware-disk-read-bytes,/computes0/metrics/hardware-disk#loop2/hardware-disk-read-requests,/computes0/metrics/hardware-disk#loop2/hardware-disk-write-bytes,/computes0/metrics/hardware-disk#loop2/hardware-disk-write-requests,/computes0/metrics/hardware-disk#loop0/hardware-disk-read-bytes,/computes0/metrics/hardware-disk#loop0/hardware-disk-read-requests,/computes0/metrics/hardware-disk#loop0/hardware-disk-write-bytes,/computes0/metrics/hardware-disk#loop0/hardware-disk-write-requests,/computes0/metrics/hardware-disk#loop5/hardware-disk-read-bytes,/computes0/metrics/hardware-disk#loop5/hardware-disk-read-requests,/computes0/metrics/hardware-disk#loop5/hardware-disk-write-bytes,/computes0/metrics/hardware-disk#loop5/hardware-disk-write-requests,/computes0/metrics/hardware-disk#tmpfs/hardware-disk-size-total,/computes0/metrics/hardware-disk#tmpfs/hardware-disk-size-used,/computes0/metrics/hardware-disk#nvme0n1p2/hardware-disk-read-bytes,/computes0/metrics/hardware-disk#nvme0n1p2/hardware-disk-read-requests,/computes0/metrics/hardware-disk#nvme0n1p2/hardware-disk-write-bytes,/computes0/metrics/hardware-disk#nvme0n1p2/hardware-disk-write-requests,/computes0/metrics/hardware-disk#loop7/hardware-disk-read-bytes,/computes0/metrics/hardware-disk#loop7/hardware-disk-read-requests,/computes0/metrics/hardware-disk#loop7/hardware-disk-write-bytes,/computes0/metrics/hardware-disk#loop7/hardware-disk-write-requests,/computes0/metrics/hardware-disk#loop6/hardware-disk-read-bytes,/computes0/metrics/hardware-disk#loop6/hardware-disk-read-requests,/computes0/metrics/hardware-disk#loop6/hardware-disk-write-bytes,/computes0/metrics/hardware-disk#loop6/hardware-disk-write-requests,/computes0/metrics/hardware-disk#loop3/hardware-disk-read-bytes,/computes0/metrics/hardware-disk#loop3/hardware-disk-read-requests,/computes0/metrics/hardware-disk#loop3/hardware-disk-write-bytes,/computes0/metrics/hardware-disk#loop3/hardware-disk-write-requests,/computes0/metrics/hardware-disk#tmpfs/hardware-disk-size-total,/computes0/metrics/hardware-disk#tmpfs/hardware-disk-size-used,/computes0/metrics/hardware-disk#_dev_nvme0n1p2/hardware-disk-size-total,/computes0/metrics/hardware-disk#_dev_nvme0n1p2/hardware-disk-size-used,/computes0/metrics/hardware-disk#_dev_nvme0n1p1/hardware-disk-size-total,/computes0/metrics/hardware-disk#_dev_nvme0n1p1/hardware-disk-size-used,/computes0/metrics/hardware-disk#nvme0n1p1/hardware-disk-read-bytes,/computes0/metrics/hardware-disk#nvme0n1p1/hardware-disk-read-requests,/computes0/metrics/hardware-disk#nvme0n1p1/hardware-disk-write-bytes,/computes0/metrics/hardware-disk#nvme0n1p1/hardware-disk-write-requests,/computes0/metrics/hardware-disk#loop1/hardware-disk-read-bytes,/computes0/metrics/hardware-disk#loop1/hardware-disk-read-requests,/computes0/metrics/hardware-disk#loop1/hardware-disk-write-bytes,/computes0/metrics/hardware-disk#loop1/hardware-disk-write-requests,/computes0/metrics/hardware-disk#nvme0n1/hardware-disk-read-bytes,/computes0/metrics/hardware-disk#nvme0n1/hardware-disk-read-requests,/computes0/metrics/hardware-disk#nvme0n1/hardware-disk-write-bytes,/computes0/metrics/hardware-disk#nvme0n1/hardware-disk-write-requests,/computes0/metrics/hardware-disk#loop4/hardware-disk-read-bytes,/computes0/metrics/hardware-disk#loop4/hardware-disk-read-requests,/computes0/metrics/hardware-disk#loop4/hardware-disk-write-bytes,/computes0/metrics/hardware-disk#loop4/hardware-disk-write-requests,/computes0/metrics/hardware-disk#loop0/hardware-disk-read-bytes,/computes0/metrics/hardware-disk#loop0/hardware-disk-read-requests,/computes0/metrics/hardware-disk#loop0/hardware-disk-write-bytes,/computes0/metrics/hardware-disk#loop0/hardware-disk-write-requests,/computes0/metrics/hardware-disk#loop5/hardware-disk-read-bytes,/computes0/metrics/hardware-disk#loop5/hardware-disk-read-requests,/computes0/metrics/hardware-disk#loop5/hardware-disk-write-bytes,/computes0/metrics/hardware-disk#loop5/hardware-disk-write-requests,/computes0/metrics/hardware-disk#nvme0n1/hardware-disk-read-bytes,/computes0/metrics/hardware-disk#nvme0n1/hardware-disk-read-requests,/computes0/metrics/hardware-disk#nvme0n1/hardware-disk-write-bytes,/computes0/metrics/hardware-disk#nvme0n1/hardware-disk-write-requests,/computes0/metrics/hardware-disk#loop6/hardware-disk-read-bytes,/computes0/metrics/hardware-disk#loop6/hardware-disk-read-requests,/computes0/metrics/hardware-disk#loop6/hardware-disk-write-bytes,/computes0/metrics/hardware-disk#loop6/hardware-disk-write-requests,/computes0/metrics/hardware-disk#nvme0n1p1/hardware-disk-read-bytes,/computes0/metrics/hardware-disk#nvme0n1p1/hardware-disk-read-requests,/computes0/metrics/hardware-disk#nvme0n1p1/hardware-disk-write-bytes,/computes0/metrics/hardware-disk#nvme0n1p1/hardware-disk-write-requests,/computes0/metrics/hardware-disk#nvme0n1p2/hardware-disk-read-bytes,/computes0/metrics/hardware-disk#nvme0n1p2/hardware-disk-read-requests,/computes0/metrics/hardware-disk#nvme0n1p2/hardware-disk-write-bytes,/computes0/metrics/hardware-disk#nvme0n1p2/hardware-disk-write-requests,/computes0/metrics/hardware-disk#loop1/hardware-disk-read-bytes,/computes0/metrics/hardware-disk#loop1/hardware-disk-read-requests,/computes0/metrics/hardware-disk#loop1/hardware-disk-write-bytes,/computes0/metrics/hardware-disk#loop1/hardware-disk-write-requests,/computes0/metrics/hardware-disk#loop3/hardware-disk-read-bytes,/computes0/metrics/hardware-disk#loop3/hardware-disk-read-requests,/computes0/metrics/hardware-disk#loop3/hardware-disk-write-bytes,/computes0/metrics/hardware-disk#loop3/hardware-disk-write-requests,/computes0/metrics/hardware-disk#loop4/hardware-disk-read-bytes,/computes0/metrics/hardware-disk#loop4/hardware-disk-read-requests,/computes0/metrics/hardware-disk#loop4/hardware-disk-write-bytes,/computes0/metrics/hardware-disk#loop4/hardware-disk-write-requests,/computes0/metrics/hardware-disk#loop2/hardware-disk-read-bytes,/computes0/metrics/hardware-disk#loop2/hardware-disk-read-requests,/computes0/metrics/hardware-disk#loop2/hardware-disk-write-bytes,/computes0/metrics/hardware-disk#loop2/hardware-disk-write-requests,/computes0/metrics/hardware-disk#loop7/hardware-disk-read-bytes,/computes0/metrics/hardware-disk#loop7/hardware-disk-read-requests,/computes0/metrics/hardware-disk#loop7/hardware-disk-write-bytes,/computes0/metrics/hardware-disk#loop7/hardware-disk-write-requests,/computes0/metrics/hardware-ipmi-fan#fan_4_(0x31)/hardware-ipmi-fan,/computes0/metrics/hardware-ipmi-fan#fan_1_dutycycle_(0x29)/hardware-ipmi-fan,/computes0/metrics/hardware-ipmi-fan#fan_7_dutycycle_(0x3b)/hardware-ipmi-fan,/computes0/metrics/hardware-ipmi-fan#fan_1_(0x28)/hardware-ipmi-fan,/computes0/metrics/hardware-ipmi-fan#fan_2_dutycycle_(0x2c)/hardware-ipmi-fan,/computes0/metrics/hardware-ipmi-fan#fan_3_dutycycle_(0x2f)/hardware-ipmi-fan,/computes0/metrics/hardware-ipmi-fan#fan_2_(0x2b)/hardware-ipmi-fan,/computes0/metrics/hardware-ipmi-fan#fan_6_dutycycle_(0x38)/hardware-ipmi-fan,/computes0/metrics/hardware-ipmi-fan#fan_5_(0x34)/hardware-ipmi-fan,/computes0/metrics/hardware-ipmi-fan#fan_6_(0x37)/hardware-ipmi-fan,/computes0/metrics/hardware-ipmi-fan#fan_3_(0x2e)/hardware-ipmi-fan,/computes0/metrics/hardware-ipmi-fan#fan_4_dutycycle_(0x32)/hardware-ipmi-fan,/computes0/metrics/hardware-ipmi-fan#fan_5_dutycycle_(0x35)/hardware-ipmi-fan,/computes0/metrics/hardware-ipmi-fan#fan_7_(0x3a)/hardware-ipmi-fan,/computes0/metrics/hardware-ipmi-temperature#32-pci_2_zone_(0x22)/hardware-ipmi-temperature,/computes0/metrics/hardware-ipmi-temperature#30-ilo_zone_(0x20)/hardware-ipmi-temperature,/computes0/metrics/hardware-ipmi-temperature#03-cpu_2_(0x5)/hardware-ipmi-temperature,/computes0/metrics/hardware-ipmi-temperature#07-p2_dimm_7-12_(0x9)/hardware-ipmi-temperature,/computes0/metrics/hardware-ipmi-temperature#14-vr_p2_(0x10)/hardware-ipmi-temperature,/computes0/metrics/hardware-ipmi-temperature#04-p1_dimm_1-6_(0x6)/hardware-ipmi-temperature,/computes0/metrics/hardware-ipmi-temperature#19-ps_1_internal_(0x15)/hardware-ipmi-temperature,/computes0/metrics/hardware-ipmi-temperature#33-pci_3_zone_(0x23)/hardware-ipmi-temperature,/computes0/metrics/hardware-ipmi-temperature#11-ps_1_inlet_(0xd)/hardware-ipmi-temperature,/computes0/metrics/hardware-ipmi-temperature#34-hd_cntlr_zone_(0x24)/hardware-ipmi-temperature,/computes0/metrics/hardware-ipmi-temperature#13-vr_p1_(0xf)/hardware-ipmi-temperature,/computes0/metrics/hardware-ipmi-temperature#18-vr_p2_mem_(0x14)/hardware-ipmi-temperature,/computes0/metrics/hardware-ipmi-temperature#16-vr_p1_mem_(0x12)/hardware-ipmi-temperature,/computes0/metrics/hardware-ipmi-temperature#17-vr_p2_mem_(0x13)/hardware-ipmi-temperature,/computes0/metrics/hardware-ipmi-temperature#24-hd_controller_(0x1a)/hardware-ipmi-temperature,/computes0/metrics/hardware-ipmi-temperature#28-p_s_2_zone_(0x1e)/hardware-ipmi-temperature,/computes0/metrics/hardware-ipmi-temperature#15-vr_p1_mem_(0x11)/hardware-ipmi-temperature,/computes0/metrics/hardware-ipmi-temperature#31-pci_1_zone_(0x21)/hardware-ipmi-temperature,/computes0/metrics/hardware-ipmi-temperature#26-lom_(0x1c)/hardware-ipmi-temperature,/computes0/metrics/hardware-ipmi-temperature#36-storage_batt_(0x26)/hardware-ipmi-temperature,/computes0/metrics/hardware-ipmi-temperature#05-p1_dimm_7-12_(0x7)/hardware-ipmi-temperature,/computes0/metrics/hardware-ipmi-temperature#22-pci_2_(0x18)/hardware-ipmi-temperature,/computes0/metrics/hardware-ipmi-temperature#37-fuse_(0x27)/hardware-ipmi-temperature,/computes0/metrics/hardware-ipmi-temperature#02-cpu_1_(0x4)/hardware-ipmi-temperature,/computes0/metrics/hardware-ipmi-temperature#27-front_ambient_(0x1d)/hardware-ipmi-temperature,/computes0/metrics/hardware-ipmi-temperature#01-inlet_ambient_(0x3)/hardware-ipmi-temperature,/computes0/metrics/hardware-ipmi-temperature#06-p2_dimm_1-6_(0x8)/hardware-ipmi-temperature,/computes0/metrics/hardware-ipmi-temperature#29-battery_zone_(0x1f)/hardware-ipmi-temperature,/computes0/metrics/hardware-ipmi-temperature#21-pci_1_(0x17)/hardware-ipmi-temperature,/computes0/metrics/hardware-ipmi-temperature#10-chipset_(0xc)/hardware-ipmi-temperature,/computes0/metrics/hardware-ipmi-temperature#35-i_o_zone_(0x25)/hardware-ipmi-temperature,/computes0/metrics/hardware-ipmi-temperature#09-exp_bay_drive_(0xb)/hardware-ipmi-temperature,/computes0/metrics/hardware-ipmi-current#power_meter_(0x43)/hardware-ipmi-current,/time,type,type_code
16,20,0,48,41472,257790,0,12,2,2,1,5,732,2011001,632,732,216318,1,1216.0,63.0,4.2296924606e+17,0.0,21937810000000.0,8.0,4.346050057e+16,36.0,27.0,1.3961446799e+17,16.92,17.97,16.76,21.5,0.0,0.0,950444.0,9738972.0,8388092.0,8388604.0,263977692.0,61500604.0,446410587.0,261996620.5,55.0,190724748.0,945218832.0,523248.0,6152.0,767579928.0,23182624.0,8192.0,5.0,0.0,0.0,1505280.0,327.0,0.0,0.0,0.0,0.0,0.0,0.0,5120.0,0.0,3042888192.0,18276156.0,604535808.0,974089960.0,0.0,0.0,0.0,0.0,0.0,0.0,0.0,0.0,0.0,0.0,0.0,0.0,5120.0,0.0,767579928.0,23182624.0,523248.0,6152.0,48951296.0,2658.0,1024.0,2.0,10240000.0,8889.0,0.0,0.0,3150037504.0,18282149.0,604536832.0,974089962.0,0.0,0.0,0.0,0.0,1505280.0,327.0,0.0,0.0,0.0,0.0,0.0,0.0,3150037504.0,18282149.0,604536832.0,974089962.0,0.0,0.0,0.0,0.0,48951296.0,2658.0,1024.0,2.0,3042888192.0,18276156.0,604535808.0,974089960.0,10240000.0,8889.0,0.0,0.0,0.0,0.0,0.0,0.0,0.0,0.0,0.0,0.0,8192.0,5.0,0.0,0.0,0.0,0.0,0.0,0.0,19.6,19.6,38.416,19.6,21.168,21.168,21.17,38.416,30.58,38.42,21.17,19.6,30.576,38.42,39.0,42.0,53.0,40.0,51.0,37.0,54.0,36.0,38.0,37.0,47.0,34.0,31.0,37.0,59.0,47.0,33.0,41.0,47.0,25.0,33.0,64.0,43.0,40.0,28.0,24.0,41.0,37.0,66.0,38.0,33.0,35.0,225.0,1593395580,ixnetwork-traffic-start,0
16,20,0,48,41472,257790,0,12,2,2,1,5,732,2011001,632,732,216318,1,1506.0,63.0,4.2297107767e+17,0.0,21937900000000.0,8.0,4.346073556e+16,36.0,27.0,1.3961527002e+17,17.01,17.12,17.26,23.0,0.0,0.0,950536.0,9739318.0,8388092.0,8388604.0,263977692.0,61415946.0,446614688.0,262295800.0,54.5,190724748.0,945278444.0,523248.0,6152.0,767579928.0,23182624.0,8192.0,5.0,0.0,0.0,1505280.0,327.0,0.0,0.0,0.0,0.0,0.0,0.0,5120.0,0.0,3042888192.0,18276156.0,750734336.0,974094662.0,0.0,0.0,0.0,0.0,0.0,0.0,0.0,0.0,0.0,0.0,0.0,0.0,0.0,0.0,0.0,0.0,0.0,0.0,48951296.0,2658.0,1024.0,2.0,10240000.0,8889.0,0.0,0.0,3150037504.0,18282149.0,750735360.0,974094664.0,0.0,0.0,0.0,0.0,0.0,0.0,523248.0,6152.0,1505280.0,327.0,0.0,0.0,48951296.0,2658.0,1024.0,2.0,0.0,0.0,0.0,0.0,0.0,0.0,0.0,0.0,3150037504.0,18282149.0,750735360.0,974094664.0,0.0,0.0,0.0,0.0,3042888192.0,18276156.0,750734336.0,974094662.0,0.0,0.0,0.0,0.0,8192.0,5.0,0.0,0.0,0.0,0.0,0.0,0.0,19.6,19.6,38.416,19.6,19.6,19.6,19.6,38.416,30.58,38.42,19.6,19.6,30.576,38.42,39.0,42.0,53.0,40.0,51.0,37.0,53.0,36.0,38.0,37.0,47.0,34.0,31.0,37.0,59.0,47.0,33.0,42.0,47.0,25.0,34.0,64.0,43.0,40.0,29.0,25.0,41.0,37.0,66.0,38.0,33.0,35.0,225.0,1593395640,ixnetwork-traffic-start,0
16,20,0,48,41472,257790,0,12,2,2,1,5,732,2011001,632,732,216318,1,1198.0,63.0,4.2297286428e+17,0.0,21938060000000.0,8.0,4.346096715e+16,36.0,28.000000000000004,1.3961607468e+17,17.05,17.51,17.375,23.0,0.0,0.0,950832.0,9740560.0,8388092.0,8388604.0,263977692.0,61502128.0,446801605.0,262388744.0,53.0,190724748.0,945486496.0,523248.0,6152.0,767579928.0,23184416.0,8192.0,5.0,0.0,0.0,1505280.0,327.0,0.0,0.0,0.0,0.0,0.0,0.0,5120.0,0.0,3042888192.0,18276156.0,780592128.0,974100315.0,0.0,0.0,0.0,0.0,0.0,0.0,0.0,0.0,0.0,0.0,0.0,0.0,8192.0,5.0,0.0,0.0,5120.0,0.0,48951296.0,2658.0,1024.0,2.0,10240000.0,8889.0,0.0,0.0,3150037504.0,18282149.0,780593152.0,974100317.0,0.0,0.0,0.0,0.0,10240000.0,8889.0,0.0,0.0,0.0,0.0,0.0,0.0,48951296.0,2658.0,1024.0,2.0,3150037504.0,18282149.0,780593152.0,974100317.0,0.0,0.0,0.0,0.0,1505280.0,327.0,0.0,0.0,0.0,0.0,0.0,0.0,8192.0,5.0,0.0,0.0,0.0,0.0,0.0,0.0,3042888192.0,18276156.0,780592128.0,974100315.0,0.0,0.0,0.0,0.0,19.6,19.6,38.416,19.6,19.6,19.6,19.6,38.416,30.58,38.42,19.6,19.6,30.576,38.42,39.0,42.0,53.0,40.0,50.0,37.0,54.0,36.0,38.0,37.0,48.0,34.0,31.0,37.0,59.0,47.0,33.0,41.0,47.0,25.0,34.0,64.0,43.0,40.0,29.0,25.0,41.0,37.0,66.0,38.0,33.0,36.0,225.0,1593395700,ixnetwork-traffic-start,0
16,20,0,48,41472,257790,0,12,2,2,1,5,732,2011001,632,732,216318,1,1210.0,63.0,4.2297470103e+17,0.0,21938130000000.0,8.0,4.34612081e+16,36.0,27.0,1.3961688029e+17,17.28,18.08,17.375,23.0,0.0,0.0,950980.0,9740560.0,8388092.0,8388604.0,263977692.0,61337248.0,446900503.5,262388744.0,54.0,190724748.0,945552184.0,523248.0,6152.0,767579928.0,23188444.0,8192.0,5.0,0.0,0.0,1505280.0,327.0,0.0,0.0,0.0,0.0,0.0,0.0,5120.0,0.0,3042888192.0,18276156.0,780592128.0,974102351.5,0.0,0.0,0.0,0.0,0.0,0.0,0.0,0.0,0.0,0.0,0.0,0.0,3150037504.0,18282149.0,780593152.0,974102353.5,523248.0,6152.0,48951296.0,2658.0,1024.0,2.0,10240000.0,8889.0,0.0,0.0,3150037504.0,18282149.0,780593152.0,974102353.5,0.0,0.0,0.0,0.0,0.0,0.0,0.0,0.0,0.0,0.0,0.0,0.0,0.0,0.0,0.0,0.0,1505280.0,327.0,0.0,0.0,0.0,0.0,0.0,0.0,0.0,0.0,0.0,0.0,3150037504.0,18282149.0,780593152.0,974102353.5,10240000.0,8889.0,0.0,0.0,48951296.0,2658.0,1024.0,2.0,3042888192.0,18276156.0,780592128.0,974102351.5,0.0,0.0,0.0,0.0,19.6,19.6,41.552,19.6,19.6,19.6,19.6,41.552,32.93,41.55,19.6,19.6,32.928,41.55,39.0,43.0,54.0,40.0,51.0,38.0,54.0,36.0,38.0,38.0,48.0,34.0,31.0,37.0,59.0,47.0,33.0,42.0,47.0,25.0,34.0,65.0,43.0,40.0,29.0,25.0,41.0,37.0,66.0,38.0,33.0,36.0,235.0,1593395760,ixnetwork-traffic-start,0
16,20,0,48,41472,257790,0,12,2,2,1,5,732,2011001,632,732,216318,1,1639.0,63.0,4.2297652504e+17,0.0,21938230000000.0,8.0,4.346144678e+16,36.0,27.0,1.3961767841e+17,17.24,17.68,17.735,22.0,0.0,0.0,951164.0,9742404.0,8388092.0,8388604.0,263977692.0,61337254.0,447187933.0,262771465.0,54.0,190724748.0,945751256.0,523248.0,6152.0,767579928.0,23187782.0,8192.0,5.0,0.0,0.0,1505280.0,327.0,0.0,0.0,0.0,0.0,0.0,0.0,5120.0,0.0,3042888192.0,18276156.0,919124992.0,974109724.0,0.0,0.0,0.0,0.0,0.0,0.0,0.0,0.0,0.0,0.0,0.0,0.0,0.0,0.0,0.0,0.0,0.0,0.0,48951296.0,2658.0,1024.0,2.0,10240000.0,8889.0,0.0,0.0,3150037504.0,18282149.0,919126016.0,974109726.0,0.0,0.0,0.0,0.0,0.0,0.0,0.0,0.0,0.0,0.0,0.0,0.0,1505280.0,327.0,0.0,0.0,0.0,0.0,0.0,0.0,10240000.0,8889.0,0.0,0.0,48951296.0,2658.0,1024.0,2.0,3042888192.0,18276156.0,919124992.0,974109724.0,0.0,0.0,0.0,0.0,0.0,0.0,0.0,0.0,0.0,0.0,0.0,0.0,10240000.0,8889.0,0.0,0.0,19.6,19.6,41.552,19.6,19.6,19.6,19.6,41.552,32.93,41.55,19.6,19.6,32.928,41.55,39.0,43.0,54.0,41.0,51.0,38.0,54.0,36.0,38.0,38.0,47.0,34.0,31.0,37.0,60.0,47.0,33.0,42.0,47.0,25.0,34.0,65.0,43.0,40.0,29.0,25.0,41.0,37.0,66.0,38.0,33.0,36.0,225.0,1593395820,ixnetwork-traffic-start,0
16,20,0,48,41472,257790,0,12,2,2,1,5,732,2011001,632,732,216318,1,2027.0,63.0,4.229783267e+17,0.0,21938280000000.0,8.0,4.346168421e+16,36.0,27.0,1.3961846795e+17,17.255,17.76,17.54,23.0,0.0,0.0,951364.0,9742838.0,8388092.0,8388604.0,263977692.0,61339056.0,447391967.0,263067388.0,54.0,190724748.0,945880424.0,523248.0,6152.0,767579928.0,23187060.0,8192.0,5.0,0.0,0.0,1505280.0,327.0,0.0,0.0,0.0,0.0,0.0,0.0,5120.0,0.0,3042888192.0,18276156.0,1017707520.0,974111727.5,0.0,0.0,0.0,0.0,0.0,0.0,0.0,0.0,0.0,0.0,0.0,0.0,0.0,0.0,0.0,0.0,0.0,0.0,48951296.0,2658.0,1024.0,2.0,10240000.0,8889.0,0.0,0.0,3150037504.0,18282149.0,1017708544.0,974111729.5,0.0,0.0,0.0,0.0,8192.0,5.0,0.0,0.0,0.0,0.0,0.0,0.0,48951296.0,2658.0,1024.0,2.0,0.0,0.0,0.0,0.0,1505280.0,327.0,0.0,0.0,0.0,0.0,0.0,0.0,0.0,0.0,0.0,0.0,10240000.0,8889.0,0.0,0.0,3150037504.0,18282149.0,1017708544.0,974111729.5,3042888192.0,18276156.0,1017707520.0,974111727.5,0.0,0.0,0.0,0.0,19.6,19.6,41.552,19.6,19.6,19.6,19.6,41.552,32.93,41.55,19.6,19.6,32.928,41.55,39.0,42.0,54.0,41.0,51.0,38.0,55.0,36.0,38.0,37.0,48.0,34.0,31.0,37.0,60.0,47.0,33.0,42.0,47.0,26.0,34.0,65.0,43.0,40.0,29.0,25.0,41.0,37.0,66.0,39.0,33.0,36.0,225.0,1593395880,ixnetwork-traffic-start,0
16,20,0,48,41472,257790,0,12,2,2,1,5,732,2011001,632,732,216318,1,2197.0,68.0,4.2298029996e+17,0.0,21938380000000.0,6.0,4.346188119e+16,31.0,24.0,1.3961917182e+17,17.16,16.54,17.36,20.0,0.0,0.0,951716.0,9744156.0,8388092.0,8388604.0,263977692.0,61369392.0,447584089.0,263257777.0,60.0,190724748.0,946012856.0,523248.0,6152.0,767579928.0,23187598.0,8192.0,5.0,0.0,0.0,1505280.0,327.0,0.0,0.0,0.0,0.0,0.0,0.0,5120.0,0.0,3042888192.0,18276156.0,1079159808.0,974118260.0,0.0,0.0,0.0,0.0,0.0,0.0,0.0,0.0,0.0,0.0,0.0,0.0,0.0,0.0,0.0,0.0,3042888192.0,18276156.0,48951296.0,2658.0,1024.0,2.0,10240000.0,8889.0,0.0,0.0,3150037504.0,18282149.0,1079160832.0,974118262.0,0.0,0.0,0.0,0.0,3150037504.0,18282149.0,1079160832.0,974118262.0,3150037504.0,18282149.0,1079160832.0,974118262.0,3042888192.0,18276156.0,1079159808.0,974118260.0,0.0,0.0,0.0,0.0,48951296.0,2658.0,1024.0,2.0,10240000.0,8889.0,0.0,0.0,1505280.0,327.0,0.0,0.0,0.0,0.0,0.0,0.0,0.0,0.0,0.0,0.0,0.0,0.0,0.0,0.0,0.0,0.0,0.0,0.0,19.6,19.6,41.552,19.6,19.6,19.6,19.6,41.552,32.93,41.55,19.6,19.6,32.928,41.55,39.0,43.0,51.0,41.0,48.0,38.0,55.0,36.0,38.0,38.0,47.0,34.0,31.0,37.0,60.0,47.0,33.0,42.0,47.0,25.0,34.0,65.0,43.0,40.0,29.0,24.0,41.0,37.0,66.0,39.0,33.0,36.0,220.0,1593395940,node-down,1
16,20,0,48,41472,257790,0,12,2,2,1,5,732,2011001,632,732,216318,1,2197.0,68.0,4.2298029996e+17,0.0,21938380000000.0,6.0,4.346208002e+16,31.0,24.0,1.3961917182e+17,17.07,15.879999999999999,17.125,19.0,0.0,0.0,951888.0,9744652.0,8388092.0,8388604.0,263977692.0,61372284.0,447682795.5,263453352.0,61.0,190724748.0,946149328.0,523248.0,6152.0,767579928.0,23188804.0,8192.0,5.0,0.0,0.0,1505280.0,327.0,0.0,0.0,0.0,0.0,0.0,0.0,5120.0,0.0,3042888192.0,18276156.0,1151339520.0,974123270.0,0.0,0.0,0.0,0.0,0.0,0.0,0.0,0.0,0.0,0.0,0.0,0.0,767579928.0,23188804.0,3042888192.0,18276156.0,1151339520.0,974123270.0,48951296.0,2658.0,1024.0,2.0,10240000.0,8889.0,0.0,0.0,3150037504.0,18282149.0,1151340544.0,974123272.0,0.0,0.0,0.0,0.0,10240000.0,8889.0,0.0,0.0,8192.0,5.0,0.0,0.0,3042888192.0,18276156.0,1151339520.0,974123270.0,3150037504.0,18282149.0,1151340544.0,974123272.0,10240000.0,8889.0,0.0,0.0,1505280.0,327.0,0.0,0.0,0.0,0.0,0.0,0.0,0.0,0.0,0.0,0.0,48951296.0,2658.0,1024.0,2.0,0.0,0.0,0.0,0.0,0.0,0.0,0.0,0.0,19.6,19.6,41.552,19.6,19.6,19.6,19.6,41.552,32.93,41.55,19.6,19.6,32.928,41.55,39.0,43.0,46.0,39.0,47.0,38.0,55.0,36.0,38.0,38.0,47.0,34.0,31.0,36.0,59.0,47.0,33.0,42.0,47.0,25.0,34.0,65.0,42.0,40.0,29.0,24.0,40.0,37.0,66.0,38.0,33.0,36.0,200.0,1593396000,node-down,1
16,20,0,48,41472,257790,0,12,2,2,1,5,732,2011001,632,732,216318,1,1786.0,69.0,4.229823173e+17,0.0,21938440000000.0,6.0,4.346208002e+16,30.0,24.0,1.3961987433e+17,17.07,14.52,16.67,19.0,0.0,0.0,951956.0,9746168.0,8388092.0,8388604.0,263977692.0,61377076.0,447977242.0,263648018.0,62.0,190724748.0,946285536.0,523248.0,6152.0,767579928.0,23191700.0,8192.0,5.0,0.0,0.0,1505280.0,327.0,0.0,0.0,0.0,0.0,0.0,0.0,5120.0,0.0,3042888192.0,18276156.0,1151339520.0,974127925.0,0.0,0.0,0.0,0.0,0.0,0.0,0.0,0.0,0.0,0.0,0.0,0.0,0.0,0.0,3042888192.0,18276156.0,1151339520.0,974127925.0,48951296.0,2658.0,1024.0,2.0,10240000.0,8889.0,0.0,0.0,3150037504.0,18282149.0,1151340544.0,974127927.0,0.0,0.0,0.0,0.0,0.0,0.0,3042888192.0,18276156.0,1151339520.0,974127925.0,10240000.0,8889.0,0.0,0.0,0.0,0.0,0.0,0.0,0.0,0.0,0.0,0.0,0.0,0.0,0.0,0.0,3150037504.0,18282149.0,1151340544.0,974127927.0,523248.0,6152.0,48951296.0,2658.0,1024.0,2.0,0.0,0.0,0.0,0.0,0.0,0.0,0.0,0.0,1505280.0,327.0,0.0,0.0,19.6,19.6,41.552,19.6,22.344,22.344,22.34,41.552,32.93,41.55,22.34,19.6,32.928,41.55,39.0,42.0,43.0,39.0,47.0,37.0,53.0,36.0,37.0,38.0,47.0,33.0,31.0,36.0,59.0,46.0,33.0,42.0,47.0,25.0,34.0,65.0,42.0,40.0,29.0,24.0,40.0,37.0,66.0,38.0,33.0,36.0,195.0,1593396060,node-down,1
16,20,0,48,41472,257790,0,12,2,2,1,5,732,2011001,632,732,216318,1,1839.0,69.0,4.2298437462e+17,0.0,21938520000000.0,6.0,4.346227937e+16,30.0,23.0,1.3962057886e+17,16.79,13.87,16.36,19.0,0.0,0.0,952172.0,9746670.0,8388092.0,8388604.0,263977692.0,61374680.0,448170905.0,263840562.0,62.0,190724748.0,946351460.0,523248.0,6152.0,767579928.0,23190568.0,8192.0,5.0,0.0,0.0,1505280.0,327.0,0.0,0.0,0.0,0.0,0.0,0.0,5120.0,0.0,3042888192.0,18276156.0,1257909248.0,974132862.0,0.0,0.0,0.0,0.0,0.0,0.0,0.0,0.0,0.0,0.0,0.0,0.0,0.0,0.0,10240000.0,8889.0,0.0,0.0,48951296.0,2658.0,1024.0,2.0,10240000.0,8889.0,0.0,0.0,3150037504.0,18282149.0,1257910272.0,974132864.0,0.0,0.0,0.0,0.0,3042888192.0,18276156.0,1257909248.0,974132862.0,8192.0,5.0,0.0,0.0,523248.0,6152.0,767579928.0,23190568.0,0.0,0.0,0.0,0.0,0.0,0.0,0.0,0.0,48951296.0,2658.0,1024.0,2.0,0.0,0.0,0.0,0.0,3150037504.0,18282149.0,1257910272.0,974132864.0,0.0,0.0,0.0,0.0,0.0,0.0,0.0,0.0,0.0,0.0,0.0,0.0,19.6,19.6,41.552,19.6,19.6,19.6,19.6,41.552,32.93,41.55,19.6,19.6,32.928,41.55,39.0,42.0,40.0,38.0,46.0,37.0,53.0,36.0,37.0,37.0,47.0,33.0,31.0,36.0,59.0,46.0,33.0,42.0,47.0,25.0,34.0,65.0,42.0,40.0,29.0,24.0,39.0,37.0,67.0,38.0,33.0,36.0,190.0,1593396120,node-down,1
16,20,0,48,41472,257790,0,12,2,2,1,5,732,2011001,632,732,216318,1,1198.0,70.0,4.2298638714e+17,0.0,21938560000000.0,6.0,4.346247272e+16,28.999999999999996,23.0,1.3962123931e+17,16.689999999999998,13.7,15.84,19.0,0.0,0.0,952328.0,9748148.0,8388092.0,8388604.0,263977692.0,61374788.0,448365382.0,264033675.0,62.0,190724748.0,946549600.0,523248.0,6152.0,767579928.0,23194264.0,8192.0,5.0,0.0,0.0,1505280.0,327.0,0.0,0.0,0.0,0.0,0.0,0.0,5120.0,0.0,3042888192.0,18276156.0,1364364288.0,974135038.5,0.0,0.0,0.0,0.0,0.0,0.0,0.0,0.0,0.0,0.0,0.0,0.0,5120.0,0.0,0.0,0.0,0.0,0.0,48951296.0,2658.0,1024.0,2.0,10240000.0,8889.0,0.0,0.0,3150037504.0,18282149.0,1364365312.0,974135040.5,0.0,0.0,0.0,0.0,1364364288.0,974135038.5,8192.0,5.0,0.0,0.0,10240000.0,8889.0,0.0,0.0,523248.0,6152.0,0.0,0.0,0.0,0.0,48951296.0,2658.0,1024.0,2.0,0.0,0.0,0.0,0.0,48951296.0,2658.0,1024.0,2.0,0.0,0.0,0.0,0.0,1505280.0,327.0,0.0,0.0,3150037504.0,18282149.0,1364365312.0,974135040.5,0.0,0.0,0.0,0.0,19.6,19.6,41.552,19.6,19.6,19.6,19.6,41.552,32.93,41.55,19.6,19.6,32.928,41.55,39.0,42.0,40.0,38.0,47.0,37.0,53.0,35.0,36.0,37.0,47.0,33.0,31.0,36.0,59.0,45.0,33.0,42.0,47.0,25.0,34.0,64.0,41.0,40.0,29.0,24.0,39.0,37.0,66.0,38.0,33.0,36.0,190.0,1593396180,node-down,1
16,20,0,48,41472,257790,0,12,2,2,1,5,732,2011001,632,732,216318,1,1291.0,70.0,4.2298841806e+17,0.0,21938690000000.0,6.0,4.346266345e+16,28.999999999999996,23.0,1.3962190358e+17,16.49,14.09,15.719999999999999,21.0,0.0,0.0,952500.0,9749104.0,8388092.0,8388604.0,263977692.0,61349152.0,448561524.0,264228488.0,57.0,190724748.0,946707792.0,523248.0,6152.0,767579928.0,23192232.0,8192.0,5.0,0.0,0.0,1505280.0,327.0,0.0,0.0,0.0,0.0,0.0,0.0,5120.0,0.0,3042888192.0,18276156.0,1428208640.0,974142275.0,0.0,0.0,0.0,0.0,0.0,0.0,0.0,0.0,0.0,0.0,0.0,0.0,0.0,0.0,0.0,0.0,0.0,0.0,48951296.0,2658.0,1024.0,2.0,10240000.0,8889.0,0.0,0.0,3150037504.0,18282149.0,1428209664.0,974142277.0,0.0,0.0,0.0,0.0,0.0,0.0,0.0,0.0,1505280.0,327.0,0.0,0.0,0.0,0.0,0.0,0.0,0.0,0.0,0.0,0.0,10240000.0,8889.0,0.0,0.0,0.0,0.0,0.0,0.0,0.0,0.0,0.0,0.0,3150037504.0,18282149.0,1428209664.0,974142277.0,3042888192.0,18276156.0,1428208640.0,974142275.0,0.0,0.0,0.0,0.0,8192.0,5.0,0.0,0.0,19.6,19.6,41.552,19.6,19.6,19.6,19.6,41.552,32.93,41.55,19.6,19.6,32.928,41.55,39.0,42.0,40.0,38.0,45.0,37.0,52.0,35.0,36.0,37.0,47.0,33.0,31.0,35.0,59.0,44.0,33.0,41.0,47.0,25.0,34.0,64.0,41.0,40.0,28.0,24.0,38.0,37.0,66.0,39.0,33.0,36.0,195.0,1593396240,node-up,2
16,20,0,48,41472,257790,0,12,2,2,1,5,732,2011001,632,732,216318,1,1355.0,64.0,4.2299027139e+17,0.0,21938740000000.0,7.000000000000001,4.346288838e+16,35.0,27.0,1.396226779e+17,16.6,14.09,15.719999999999999,23.0,0.0,0.0,952680.0,9749936.0,8388092.0,8388604.0,263977692.0,61349152.0,448758113.0,264228488.0,54.0,190724748.0,946824592.0,523248.0,6152.0,767579928.0,23193328.0,8192.0,5.0,0.0,0.0,1505280.0,327.0,0.0,0.0,0.0,0.0,0.0,0.0,5120.0,0.0,3042888192.0,18276156.0,1464120320.0,974144589.0,0.0,0.0,0.0,0.0,0.0,0.0,0.0,0.0,0.0,0.0,0.0,0.0,1505280.0,327.0,0.0,0.0,767579928.0,23193328.0,48951296.0,2658.0,1024.0,2.0,10240000.0,8889.0,0.0,0.0,3150037504.0,18282149.0,1464121344.0,974144591.0,0.0,0.0,0.0,0.0,0.0,0.0,0.0,0.0,8192.0,5.0,0.0,0.0,1505280.0,327.0,0.0,0.0,48951296.0,2658.0,1024.0,2.0,0.0,0.0,0.0,0.0,0.0,0.0,0.0,0.0,3150037504.0,18282149.0,1464121344.0,974144591.0,10240000.0,8889.0,0.0,0.0,3042888192.0,18276156.0,1464120320.0,974144589.0,0.0,0.0,0.0,0.0,0.0,0.0,0.0,0.0,19.6,19.6,38.416,19.6,19.6,19.6,19.6,38.416,30.58,38.42,19.6,19.6,30.576,38.42,39.0,42.0,42.0,39.0,49.0,37.0,52.0,35.0,36.0,37.0,47.0,33.0,31.0,36.0,59.0,44.0,33.0,42.0,47.0,25.0,34.0,64.0,41.0,40.0,28.0,24.0,40.0,37.0,66.0,38.0,33.0,36.0,220.0,1593396300,node-up,2
16,20,0,48,41472,257790,0,12,2,2,1,5,732,2011001,632,732,216318,1,2197.0,63.0,4.229920693e+17,0.0,21938870000000.0,8.0,4.346312122e+16,36.0,27.0,1.3962346147e+17,16.67,16.34,16.5,23.0,0.0,0.0,952892.0,9750354.0,8388092.0,8388604.0,263977692.0,61355400.0,448955599.0,264522228.0,54.0,190724748.0,946891680.0,523248.0,6152.0,767579928.0,23194160.0,8192.0,5.0,0.0,0.0,1505280.0,327.0,0.0,0.0,0.0,0.0,0.0,0.0,5120.0,0.0,3042888192.0,18276156.0,1568951296.0,974151809.0,0.0,0.0,0.0,0.0,0.0,0.0,0.0,0.0,0.0,0.0,0.0,0.0,0.0,0.0,0.0,0.0,0.0,0.0,48951296.0,2658.0,1024.0,2.0,10240000.0,8889.0,0.0,0.0,3150037504.0,18282149.0,1568952320.0,974151811.0,0.0,0.0,0.0,0.0,0.0,0.0,3150037504.0,18282149.0,1568952320.0,974151811.0,10240000.0,8889.0,0.0,0.0,0.0,0.0,0.0,0.0,48951296.0,2658.0,1024.0,2.0,1505280.0,327.0,0.0,0.0,5120.0,0.0,0.0,0.0,0.0,0.0,8192.0,5.0,0.0,0.0,3150037504.0,18282149.0,1568952320.0,974151811.0,3042888192.0,18276156.0,1568951296.0,974151809.0,0.0,0.0,0.0,0.0,19.6,19.6,38.416,19.6,19.6,19.6,19.6,38.416,30.58,38.42,19.6,19.6,30.576,38.42,39.0,42.0,45.0,39.0,49.0,37.0,51.0,35.0,36.0,37.0,47.0,33.0,31.0,36.0,58.0,44.0,33.0,42.0,47.0,25.0,33.0,64.0,41.0,40.0,28.0,24.0,40.0,37.0,66.0,38.0,33.0,35.0,230.0,1593396360,node-up,2
16,20,0,48,41472,257790,0,12,2,2,1,5,732,2011001,632,732,216318,1,1221.0,63.0,4.2299393449e+17,0.0,21938960000000.0,8.0,4.346336312e+16,36.0,27.0,1.3962427861e+17,16.71,16.7,16.494999999999997,23.0,0.0,0.0,952976.0,9750354.0,8388092.0,8388604.0,263977692.0,61355856.0,448955599.0,264828284.0,54.0,190724748.0,946891680.0,523248.0,6152.0,767579928.0,23197744.0,8192.0,5.0,0.0,0.0,1505280.0,327.0,0.0,0.0,0.0,0.0,0.0,0.0,5120.0,0.0,3042888192.0,18276156.0,1568951296.0,974156730.0,0.0,0.0,0.0,0.0,0.0,0.0,0.0,0.0,0.0,0.0,0.0,0.0,0.0,0.0,767579928.0,23197744.0,3042888192.0,18276156.0,48951296.0,2658.0,1024.0,2.0,10240000.0,8889.0,0.0,0.0,3150037504.0,18282149.0,1568952320.0,974156732.0,0.0,0.0,0.0,0.0,0.0,0.0,0.0,0.0,1505280.0,327.0,0.0,0.0,3042888192.0,18276156.0,1568951296.0,974156730.0,3150037504.0,18282149.0,1568952320.0,974156732.0,0.0,0.0,0.0,0.0,0.0,0.0,0.0,0.0,48951296.0,2658.0,1024.0,2.0,0.0,0.0,0.0,0.0,0.0,0.0,0.0,0.0,8192.0,5.0,0.0,0.0,0.0,0.0,0.0,0.0,19.6,19.6,41.552,19.6,19.6,19.6,19.6,41.552,32.93,41.55,19.6,19.6,32.928,41.55,39.0,42.0,47.0,39.0,49.0,37.0,51.0,35.0,36.0,37.0,47.0,33.0,31.0,36.0,58.0,44.0,33.0,41.0,47.0,25.0,33.0,64.0,41.0,40.0,28.0,24.0,40.0,37.0,66.0,38.0,33.0,35.0,230.0,1593396420,node-up,2
16,20,0,48,41472,257790,0,12,2,2,1,5,732,2011001,632,732,216318,1,1198.0,63.0,4.2299576417e+17,0.0,21939030000000.0,8.0,4.346359465e+16,36.0,27.0,1.396250797e+17,16.74,16.715,16.69,23.0,0.0,0.0,953076.0,9752234.0,8388092.0,8388604.0,263977692.0,61353944.0,449362529.0,265024263.0,54.0,190724748.0,947172180.0,523248.0,6152.0,767579928.0,23197930.0,8192.0,5.0,0.0,0.0,1505280.0,327.0,0.0,0.0,0.0,0.0,0.0,0.0,5120.0,0.0,3042888192.0,18276156.0,1678697472.0,974162253.0,0.0,0.0,0.0,0.0,0.0,0.0,0.0,0.0,0.0,0.0,0.0,0.0,0.0,0.0,0.0,0.0,523248.0,6152.0,48951296.0,2658.0,1024.0,2.0,10240000.0,8889.0,0.0,0.0,3150037504.0,18282149.0,1678698496.0,974162255.0,0.0,0.0,0.0,0.0,8192.0,5.0,0.0,0.0,8192.0,5.0,0.0,0.0,0.0,0.0,0.0,0.0,3150037504.0,18282149.0,1678698496.0,974162255.0,0.0,0.0,0.0,0.0,48951296.0,2658.0,1024.0,2.0,3042888192.0,18276156.0,1678697472.0,974162253.0,10240000.0,8889.0,0.0,0.0,0.0,0.0,0.0,0.0,1505280.0,327.0,0.0,0.0,0.0,0.0,0.0,0.0,19.6,19.6,41.552,19.6,19.6,19.6,19.6,41.552,32.93,41.55,19.6,19.6,32.928,41.55,39.0,42.0,48.0,39.0,49.0,37.0,51.0,35.0,36.0,37.0,47.0,33.0,31.0,36.0,58.0,44.0,33.0,41.0,47.0,25.0,33.0,64.0,41.0,40.0,28.0,24.0,40.0,37.0,66.0,38.0,33.0,35.0,230.0,1593396480,node-up,2
16,20,0,48,41472,257790,0,12,2,2,1,5,732,2011001,632,732,216318,1,1537.0,63.0,4.2299759395e+17,0.0,21939110000000.0,8.0,4.34638286e+16,36.0,28.000000000000004,1.3962588492e+17,16.64,15.36,16.509999999999998,21.0,0.0,0.0,953332.0,9753648.0,8388092.0,8388604.0,263977692.0,61391400.0,449534534.0,265109576.0,56.0,190724748.0,947360432.0,523248.0,6152.0,767579928.0,23196608.0,8192.0,5.0,0.0,0.0,1505280.0,327.0,0.0,0.0,0.0,0.0,0.0,0.0,5120.0,0.0,3042888192.0,18276156.0,1770593280.0,974164265.5,0.0,0.0,0.0,0.0,0.0,0.0,0.0,0.0,0.0,0.0,0.0,0.0,48951296.0,2658.0,1024.0,2.0,3042888192.0,18276156.0,48951296.0,2658.0,1024.0,2.0,10240000.0,8889.0,0.0,0.0,3150037504.0,18282149.0,1770594304.0,974164267.5,0.0,0.0,0.0,0.0,48951296.0,2658.0,1024.0,2.0,0.0,0.0,0.0,0.0,10240000.0,8889.0,0.0,0.0,0.0,0.0,0.0,0.0,0.0,0.0,0.0,0.0,0.0,0.0,0.0,0.0,0.0,0.0,0.0,0.0,0.0,0.0,0.0,0.0,1505280.0,327.0,0.0,0.0,8192.0,5.0,0.0,0.0,3042888192.0,18276156.0,1770593280.0,974164265.5,19.6,19.6,41.552,19.6,19.6,19.6,19.6,41.552,32.93,41.55,19.6,19.6,32.928,41.55,39.0,42.0,49.0,39.0,50.0,37.0,51.0,35.0,37.0,37.0,47.0,33.0,31.0,36.0,59.0,44.0,33.0,42.0,47.0,25.0,33.0,64.0,41.0,40.0,28.0,24.0,40.0,37.0,66.0,38.0,33.0,35.0,225.0,1593396540,node-down,1
16,20,0,48,41472,257790,0,12,2,2,1,5,732,2011001,632,732,216318,1,1278.0,67.0,4.2299955877e+17,0.0,21939220000000.0,7.000000000000001,4.346403667e+16,32.0,24.0,1.3962660514e+17,16.48,15.36,15.94,19.0,0.0,0.0,953480.0,9754464.0,8388092.0,8388604.0,263977692.0,61393952.0,449634260.5,265393353.0,62.0,190724748.0,947519832.0,523248.0,6152.0,767579928.0,23196608.0,8192.0,5.0,0.0,0.0,1505280.0,327.0,0.0,0.0,0.0,0.0,0.0,0.0,5120.0,0.0,3042888192.0,18276156.0,1846594560.0,974171745.0,0.0,0.0,0.0,0.0,0.0,0.0,0.0,0.0,0.0,0.0,0.0,0.0,0.0,0.0,0.0,0.0,1505280.0,327.0,48951296.0,2658.0,1024.0,2.0,10240000.0,8889.0,0.0,0.0,3150037504.0,18282149.0,1846595584.0,974171747.0,0.0,0.0,0.0,0.0,767579928.0,23196608.0,8192.0,5.0,0.0,0.0,1505280.0,327.0,0.0,0.0,0.0,0.0,0.0,0.0,523248.0,6152.0,8192.0,5.0,0.0,0.0,0.0,0.0,0.0,0.0,10240000.0,8889.0,0.0,0.0,0.0,0.0,0.0,0.0,0.0,0.0,0.0,0.0,0.0,0.0,0.0,0.0,48951296.0,2658.0,1024.0,2.0,19.6,19.6,38.416,19.6,19.6,19.6,19.6,38.416,30.58,38.42,19.6,19.6,30.576,38.42,39.0,42.0,49.0,39.0,50.0,37.0,51.0,35.0,37.0,37.0,46.0,33.0,31.0,36.0,59.0,45.0,33.0,41.0,47.0,25.0,33.0,64.0,41.0,40.0,28.0,24.0,40.0,37.0,66.0,38.0,33.0,35.0,220.0,1593396600,node-down,1
16,20,0,48,41472,257790,0,12,2,2,1,5,732,2011001,632,732,216318,1,1741.0,70.0,4.2300154107e+17,0.0,21939280000000.0,6.0,4.346422407e+16,28.999999999999996,23.0,1.3962725426e+17,16.405,14.6,15.58,19.0,0.0,0.0,953640.0,9755348.0,8388092.0,8388604.0,263977692.0,61395344.0,449928138.0,265585779.0,63.0,190724748.0,947568864.0,523248.0,6152.0,767579928.0,23200424.0,8192.0,5.0,0.0,0.0,1505280.0,327.0,0.0,0.0,0.0,0.0,0.0,0.0,5120.0,0.0,3042888192.0,18276156.0,1873773568.0,974173706.0,0.0,0.0,0.0,0.0,0.0,0.0,0.0,0.0,0.0,0.0,0.0,0.0,3150037504.0,18282149.0,1873774592.0,974173708.0,3150037504.0,18282149.0,48951296.0,2658.0,1024.0,2.0,10240000.0,8889.0,0.0,0.0,3150037504.0,18282149.0,1873774592.0,974173708.0,0.0,0.0,0.0,0.0,3042888192.0,18276156.0,1873773568.0,974173706.0,0.0,0.0,0.0,0.0,48951296.0,2658.0,1024.0,2.0,0.0,0.0,0.0,0.0,0.0,0.0,0.0,0.0,1505280.0,327.0,0.0,0.0,0.0,0.0,0.0,0.0,0.0,0.0,0.0,0.0,10240000.0,8889.0,0.0,0.0,0.0,0.0,0.0,0.0,8192.0,5.0,0.0,0.0,19.6,19.6,38.416,19.6,19.6,19.6,19.6,38.416,30.58,38.42,19.6,19.6,30.576,38.42,39.0,42.0,50.0,39.0,50.0,37.0,52.0,35.0,37.0,37.0,46.0,33.0,31.0,36.0,59.0,45.0,33.0,41.0,47.0,25.0,34.0,64.0,41.0,40.0,28.0,25.0,40.0,37.0,66.0,38.0,33.0,35.0,215.0,1593396660,node-down,1
16,20,0,48,41472,257790,0,12,2,2,1,5,732,2011001,632,732,216318,1,1726.0,70.0,4.23003607e+17,0.0,21939350000000.0,6.0,4.346441259e+16,28.999999999999996,22.0,1.396279242e+17,16.405,15.39,15.93,19.0,0.0,0.0,953928.0,9755818.0,8388092.0,8388604.0,263977692.0,61395344.0,450124191.0,265780747.0,63.0,190724748.0,947753208.0,523248.0,6152.0,767579928.0,23201744.0,8192.0,5.0,0.0,0.0,1505280.0,327.0,0.0,0.0,0.0,0.0,0.0,0.0,5120.0,0.0,3042888192.0,18276156.0,1873773568.0,974180666.0,0.0,0.0,0.0,0.0,0.0,0.0,0.0,0.0,0.0,0.0,0.0,0.0,10240000.0,8889.0,0.0,0.0,48951296.0,2658.0,48951296.0,2658.0,1024.0,2.0,10240000.0,8889.0,0.0,0.0,3150037504.0,18282149.0,1873774592.0,974180668.0,0.0,0.0,0.0,0.0,3150037504.0,18282149.0,1873774592.0,974180668.0,8192.0,5.0,0.0,0.0,48951296.0,2658.0,1024.0,2.0,0.0,0.0,0.0,0.0,0.0,0.0,0.0,0.0,10240000.0,8889.0,0.0,0.0,1505280.0,327.0,0.0,0.0,0.0,0.0,0.0,0.0,3042888192.0,18276156.0,1873773568.0,974180666.0,0.0,0.0,0.0,0.0,0.0,0.0,0.0,0.0,19.6,19.6,38.416,19.6,19.6,19.6,19.6,38.416,30.58,38.42,19.6,19.6,30.576,38.42,39.0,42.0,51.0,40.0,50.0,37.0,52.0,35.0,37.0,37.0,46.0,33.0,31.0,36.0,59.0,45.0,33.0,41.0,47.0,25.0,34.0,64.0,41.0,40.0,29.0,25.0,41.0,37.0,67.0,38.0,33.0,36.0,215.0,1593396720,node-down,1
16,20,0,48,41472,257790,0,12,2,2,1,5,732,2011001,632,732,216318,1,1592.0,70.0,4.2300559577e+17,0.0,21939400000000.0,6.0,4.346459787e+16,28.999999999999996,23.0,1.3962857446e+17,16.41,15.39,15.95,19.0,0.0,0.0,954136.0,9760288.0,8388092.0,8388604.0,263977692.0,61383464.0,450222270.5,265975591.0,62.0,190724748.0,947886264.0,523248.0,6152.0,767579928.0,23209922.0,8192.0,5.0,0.0,0.0,1505280.0,327.0,0.0,0.0,0.0,0.0,0.0,0.0,5120.0,0.0,3042888192.0,18276156.0,2047376384.0,974184934.0,0.0,0.0,0.0,0.0,0.0,0.0,0.0,0.0,0.0,0.0,0.0,0.0,2047376384.0,974184934.0,767579928.0,23209922.0,48951296.0,2658.0,48951296.0,2658.0,1024.0,2.0,10240000.0,8889.0,0.0,0.0,3150037504.0,18282149.0,1981009920.0,974184936.0,0.0,0.0,0.0,0.0,0.0,0.0,48951296.0,2658.0,1024.0,2.0,3042888192.0,18276156.0,2047376384.0,974184934.0,10240000.0,8889.0,0.0,0.0,0.0,0.0,0.0,0.0,8192.0,5.0,0.0,0.0,0.0,0.0,0.0,0.0,0.0,0.0,0.0,0.0,523248.0,6152.0,1505280.0,327.0,0.0,0.0,3150037504.0,18282149.0,1981009920.0,974184936.0,0.0,0.0,0.0,0.0,19.6,19.6,38.416,19.6,19.6,19.6,19.6,38.416,30.58,38.42,19.6,19.6,30.576,38.42,39.0,42.0,51.0,40.0,50.0,38.0,52.0,35.0,37.0,37.0,46.0,34.0,31.0,36.0,59.0,46.0,33.0,41.0,47.0,25.0,34.0,64.0,41.0,40.0,29.0,25.0,41.0,37.0,67.0,39.0,33.0,36.0,230.0,1593396780,node-down,1
16,20,0,48,41472,257790,0,12,2,2,1,5,732,2011001,632,732,216318,1,1815.0,70.0,4.2300765733e+17,0.0,21939500000000.0,6.0,4.346479176e+16,28.999999999999996,22.0,1.3962924392e+17,16.29,14.04,15.78,20.0,0.0,0.0,954252.0,9760004.0,8388092.0,8388604.0,263977692.0,61341124.0,450512227.0,266165874.0,62.0,190724748.0,948021576.0,523248.0,6152.0,767579928.0,23218556.0,8192.0,5.0,0.0,0.0,1505280.0,327.0,0.0,0.0,0.0,0.0,0.0,0.0,5120.0,0.0,3042888192.0,18276156.0,2121157632.0,974184934.0,0.0,0.0,0.0,0.0,0.0,0.0,0.0,0.0,0.0,0.0,0.0,0.0,2121157632.0,974184934.0,0.0,0.0,0.0,0.0,48951296.0,2658.0,1024.0,2.0,10240000.0,8889.0,0.0,0.0,3150037504.0,18282149.0,2121158656.0,974184936.0,0.0,0.0,0.0,0.0,5120.0,0.0,1505280.0,327.0,0.0,0.0,3042888192.0,18276156.0,2121157632.0,974184934.0,0.0,0.0,0.0,0.0,0.0,0.0,0.0,0.0,3150037504.0,18282149.0,2121158656.0,974184936.0,0.0,0.0,0.0,0.0,8192.0,5.0,0.0,0.0,523248.0,6152.0,48951296.0,2658.0,1024.0,2.0,0.0,0.0,0.0,0.0,1505280.0,327.0,0.0,0.0,19.6,19.6,38.416,19.6,19.6,19.6,19.6,38.416,30.58,38.42,19.6,19.6,30.576,38.42,39.0,42.0,51.0,40.0,50.0,38.0,52.0,35.0,37.0,37.0,46.0,34.0,31.0,36.0,59.0,46.0,33.0,41.0,47.0,25.0,34.0,64.0,41.0,40.0,29.0,25.0,41.0,37.0,67.0,39.0,33.0,36.0,215.0,1593396840,node-up,2
16,20,0,48,41472,257790,0,12,2,2,1,5,732,2011001,632,732,216318,1,1572.0,66.0,4.2300960126e+17,0.0,21939540000000.0,7.000000000000001,4.346500433e+16,33.0,25.0,1.3962999964e+17,16.36,16.3,16.33,23.0,0.0,0.0,954338.0,9760688.0,8388092.0,8388604.0,263977692.0,61331852.0,450712182.0,266265130.5,54.0,190724748.0,948163560.0,523248.0,6152.0,767579928.0,23219740.0,8192.0,5.0,0.0,0.0,1505280.0,327.0,0.0,0.0,0.0,0.0,0.0,0.0,5120.0,0.0,3042888192.0,18276156.0,2150786048.0,974194752.0,0.0,0.0,0.0,0.0,0.0,0.0,0.0,0.0,0.0,0.0,0.0,0.0,1505280.0,327.0,0.0,0.0,3042888192.0,18276156.0,48951296.0,2658.0,1024.0,2.0,10240000.0,8889.0,0.0,0.0,3150037504.0,18282149.0,2150787072.0,974194754.0,0.0,0.0,0.0,0.0,3042888192.0,18276156.0,2150786048.0,974194752.0,3150037504.0,18282149.0,2150787072.0,974194754.0,8192.0,5.0,0.0,0.0,1505280.0,327.0,0.0,0.0,0.0,0.0,0.0,0.0,0.0,0.0,0.0,0.0,3150037504.0,18282149.0,2150787072.0,974194754.0,0.0,0.0,0.0,0.0,0.0,0.0,0.0,0.0,10240000.0,8889.0,0.0,0.0,0.0,0.0,0.0,0.0,19.6,19.6,38.416,19.6,19.6,19.6,19.6,38.416,30.58,38.42,19.6,19.6,30.576,38.42,39.0,42.0,52.0,40.0,51.0,38.0,52.0,36.0,37.0,37.0,48.0,34.0,32.0,37.0,59.0,46.0,33.0,41.0,47.0,26.0,34.0,64.0,42.0,40.0,29.0,25.0,41.0,37.0,67.0,39.0,33.0,36.0,225.0,1593396900,node-up,2
16,20,0,48,41472,257790,0,12,2,2,1,5,732,2011001,632,732,216318,1,1198.0,63.0,4.2301143125e+17,0.0,21939630000000.0,8.0,4.346524028e+16,36.0,27.0,1.3963079438e+17,16.38,15.93,16.229999999999997,23.0,0.0,0.0,954552.0,9761824.0,8388092.0,8388604.0,263977692.0,61328868.0,450907524.0,266558006.0,54.0,190724748.0,948292848.0,523248.0,6152.0,767579928.0,23221672.0,8192.0,5.0,0.0,0.0,1505280.0,327.0,0.0,0.0,0.0,0.0,0.0,0.0,5120.0,0.0,3042888192.0,18276156.0,2246429696.0,974196840.0,0.0,0.0,0.0,0.0,0.0,0.0,0.0,0.0,0.0,0.0,0.0,0.0,0.0,0.0,0.0,0.0,0.0,0.0,48951296.0,2658.0,1024.0,2.0,10240000.0,8889.0,0.0,0.0,3150037504.0,18282149.0,2246430720.0,974196842.0,0.0,0.0,0.0,0.0,2246429696.0,974196840.0,3150037504.0,18282149.0,2246430720.0,974196842.0,10240000.0,8889.0,0.0,0.0,767579928.0,23221672.0,0.0,0.0,0.0,0.0,0.0,0.0,0.0,0.0,48951296.0,2658.0,1024.0,2.0,0.0,0.0,0.0,0.0,1505280.0,327.0,0.0,0.0,8192.0,5.0,0.0,0.0,0.0,0.0,0.0,0.0,0.0,0.0,0.0,0.0,19.6,19.6,38.416,19.6,19.6,19.6,19.6,38.416,30.58,38.42,19.6,19.6,30.576,38.42,39.0,42.0,52.0,40.0,51.0,38.0,52.0,35.0,37.0,38.0,48.0,34.0,31.0,37.0,59.0,46.0,33.0,42.0,47.0,25.0,34.0,64.0,42.0,40.0,29.0,25.0,41.0,37.0,67.0,39.0,33.0,36.0,245.0,1593396960,node-up,2
16,20,0,48,41472,257790,0,12,2,2,1,5,732,2011001,632,732,216318,1,1297.0,63.0,4.2301324387e+17,0.0,21939680000000.0,8.0,4.346547346e+16,36.0,27.0,1.3963158676e+17,16.34,17.06,16.05,22.0,0.0,0.0,954552.0,9764280.0,8388092.0,8388604.0,263977692.0,61330788.0,451101913.0,266558006.0,54.0,190724748.0,948420712.0,523248.0,6152.0,767579928.0,23220832.0,8192.0,5.0,0.0,0.0,1505280.0,327.0,0.0,0.0,0.0,0.0,0.0,0.0,5120.0,0.0,3042888192.0,18276156.0,2312051712.0,974203881.0,0.0,0.0,0.0,0.0,0.0,0.0,0.0,0.0,0.0,0.0,0.0,0.0,0.0,0.0,3042888192.0,18276156.0,2312051712.0,974203881.0,48951296.0,2658.0,1024.0,2.0,10240000.0,8889.0,0.0,0.0,3150037504.0,18282149.0,2312052736.0,974203883.0,0.0,0.0,0.0,0.0,0.0,0.0,0.0,0.0,0.0,0.0,0.0,0.0,48951296.0,2658.0,1024.0,2.0,8192.0,5.0,0.0,0.0,0.0,0.0,0.0,0.0,3042888192.0,18276156.0,2312051712.0,974203881.0,0.0,0.0,0.0,0.0,3150037504.0,18282149.0,2312052736.0,974203883.0,1505280.0,327.0,0.0,0.0,10240000.0,8889.0,0.0,0.0,0.0,0.0,0.0,0.0,19.6,19.6,41.552,19.6,19.6,19.6,19.6,41.552,32.93,41.55,19.6,19.6,32.928,41.55,39.0,42.0,53.0,40.0,51.0,38.0,53.0,36.0,38.0,38.0,48.0,34.0,31.0,37.0,59.0,46.0,33.0,42.0,47.0,25.0,34.0,64.0,42.0,40.0,29.0,24.0,41.0,37.0,67.0,39.0,33.0,36.0,225.0,1593397020,node-up,2
16,20,0,48,41472,257790,0,12,2,2,1,5,732,2011001,632,732,216318,1,1694.0,64.0,4.2301509842e+17,0.0,21939780000000.0,7.000000000000001,4.346570411e+16,35.0,27.0,1.3963238861e+17,16.42,17.69,16.33,22.0,0.0,0.0,954784.0,9763796.0,8388092.0,8388604.0,263977692.0,61330316.0,451303772.0,266951231.0,54.0,190724748.0,948566848.0,523248.0,6152.0,767579928.0,23220832.0,8192.0,5.0,0.0,0.0,1505280.0,327.0,0.0,0.0,0.0,0.0,0.0,0.0,5120.0,0.0,3042888192.0,18276156.0,2386947072.0,974208892.0,0.0,0.0,0.0,0.0,0.0,0.0,0.0,0.0,0.0,0.0,0.0,0.0,5120.0,0.0,0.0,0.0,0.0,0.0,48951296.0,2658.0,1024.0,2.0,10240000.0,8889.0,0.0,0.0,3150037504.0,18282149.0,2386948096.0,974208894.0,0.0,0.0,0.0,0.0,0.0,0.0,0.0,0.0,3150037504.0,18282149.0,2386948096.0,974208894.0,8192.0,5.0,0.0,0.0,0.0,0.0,0.0,0.0,8192.0,5.0,0.0,0.0,0.0,0.0,0.0,0.0,3150037504.0,18282149.0,2386948096.0,974208894.0,0.0,0.0,0.0,0.0,48951296.0,2658.0,1024.0,2.0,0.0,0.0,0.0,0.0,3042888192.0,18276156.0,2386947072.0,974208892.0,19.6,19.6,41.552,19.6,19.6,19.6,19.6,41.552,32.93,41.55,19.6,19.6,32.928,41.55,39.0,42.0,53.0,40.0,51.0,38.0,53.0,35.0,38.0,37.0,47.0,34.0,31.0,37.0,59.0,46.0,33.0,42.0,47.0,25.0,34.0,65.0,42.0,40.0,29.0,24.0,41.0,37.0,67.0,39.0,33.0,36.0,225.0,1593397080,node-up,2
16,20,0,48,41472,257790,0,12,2,2,1,5,732,2011001,632,732,216318,1,1904.0,63.0,4.2301690847e+17,0.0,21939830000000.0,8.0,4.34659341e+16,36.0,28.000000000000004,1.3963318214e+17,16.58,17.69,16.5,22.0,0.0,0.0,954870.0,9764408.0,8388092.0,8388604.0,263977692.0,61328516.0,451303772.0,266951231.0,54.0,190724748.0,948566848.0,523248.0,6152.0,767579928.0,23224040.0,8192.0,5.0,0.0,0.0,1505280.0,327.0,0.0,0.0,0.0,0.0,0.0,0.0,5120.0,0.0,3042888192.0,18276156.0,2457644032.0,974213607.0,0.0,0.0,0.0,0.0,0.0,0.0,0.0,0.0,0.0,0.0,0.0,0.0,0.0,0.0,5120.0,0.0,1505280.0,327.0,48951296.0,2658.0,1024.0,2.0,10240000.0,8889.0,0.0,0.0,3150037504.0,18282149.0,2457645056.0,974213609.0,0.0,0.0,0.0,0.0,0.0,0.0,0.0,0.0,8192.0,5.0,0.0,0.0,0.0,0.0,0.0,0.0,8192.0,5.0,0.0,0.0,0.0,0.0,0.0,0.0,0.0,0.0,0.0,0.0,48951296.0,2658.0,1024.0,2.0,0.0,0.0,0.0,0.0,0.0,0.0,0.0,0.0,10240000.0,8889.0,0.0,0.0,1505280.0,327.0,0.0,0.0,19.6,19.6,41.552,19.6,19.6,19.6,19.6,41.552,32.93,41.55,19.6,19.6,32.928,41.55,39.0,42.0,53.0,40.0,51.0,37.0,53.0,35.0,38.0,37.0,47.0,34.0,31.0,37.0,59.0,46.0,33.0,42.0,47.0,25.0,34.0,65.0,42.0,40.0,29.0,24.0,41.0,37.0,66.0,39.0,33.0,36.0,225.0,1593397140,node-down,1
16,20,0,48,41472,257790,0,12,2,2,1,5,732,2011001,632,732,216318,1,1574.0,64.0,4.2301877419e+17,0.0,21939910000000.0,7.000000000000001,4.346615634e+16,35.0,27.0,1.3963396548e+17,16.52,16.884999999999998,16.6,21.5,0.0,0.0,955068.0,9765196.0,8388092.0,8388604.0,263977692.0,61334920.0,451687933.0,267247811.5,56.5,190724748.0,948734024.0,523248.0,6152.0,767579928.0,23222648.0,8192.0,5.0,0.0,0.0,1505280.0,327.0,0.0,0.0,0.0,0.0,0.0,0.0,5120.0,0.0,3042888192.0,18276156.0,2535050240.0,974218450.0,0.0,0.0,0.0,0.0,0.0,0.0,0.0,0.0,0.0,0.0,0.0,0.0,3150037504.0,18282149.0,2535051264.0,974218452.0,8192.0,5.0,48951296.0,2658.0,1024.0,2.0,10240000.0,8889.0,0.0,0.0,3150037504.0,18282149.0,2535051264.0,974218452.0,0.0,0.0,0.0,0.0,3042888192.0,18276156.0,2535050240.0,974218450.0,48951296.0,2658.0,1024.0,2.0,0.0,0.0,0.0,0.0,10240000.0,8889.0,0.0,0.0,3150037504.0,18282149.0,2535051264.0,974218452.0,0.0,0.0,0.0,0.0,8192.0,5.0,0.0,0.0,0.0,0.0,0.0,0.0,0.0,0.0,0.0,0.0,0.0,0.0,0.0,0.0,1505280.0,327.0,0.0,0.0,19.6,19.6,41.552,19.6,19.6,19.6,19.6,41.552,32.93,41.55,19.6,19.6,32.928,41.55,39.0,42.0,53.0,40.0,51.0,37.0,53.0,35.0,38.0,37.0,47.0,34.0,31.0,37.0,59.0,47.0,33.0,41.0,47.0,25.0,34.0,65.0,42.0,40.0,29.0,24.0,41.0,37.0,66.0,38.0,33.0,36.0,230.0,1593397200,node-down,1
16,20,0,48,41472,257790,0,12,2,2,1,5,732,2011001,632,732,216318,1,1198.0,67.0,4.2302068207e+17,0.0,21939970000000.0,6.0,4.346635423e+16,32.0,25.0,1.3963468682e+17,16.42,14.45,16.295,21.0,0.0,0.0,955176.0,9765626.0,8388092.0,8388604.0,263977692.0,61335668.0,451783740.0,267523710.0,59.0,190724748.0,948919932.0,523248.0,6152.0,767579928.0,23224440.0,8192.0,5.0,0.0,0.0,1505280.0,327.0,0.0,0.0,0.0,0.0,0.0,0.0,5120.0,0.0,3042888192.0,18276156.0,2567758848.0,974222974.0,0.0,0.0,0.0,0.0,0.0,0.0,0.0,0.0,0.0,0.0,0.0,0.0,48951296.0,2658.0,1024.0,2.0,767579928.0,23224440.0,48951296.0,2658.0,1024.0,2.0,10240000.0,8889.0,0.0,0.0,3150037504.0,18282149.0,2567759872.0,974222976.0,0.0,0.0,0.0,0.0,0.0,0.0,0.0,0.0,1505280.0,327.0,0.0,0.0,0.0,0.0,0.0,0.0,0.0,0.0,0.0,0.0,0.0,0.0,0.0,0.0,10240000.0,8889.0,0.0,0.0,3042888192.0,18276156.0,2567758848.0,974222974.0,3150037504.0,18282149.0,2567759872.0,974222976.0,0.0,0.0,0.0,0.0,48951296.0,2658.0,1024.0,2.0,0.0,0.0,0.0,0.0,19.6,19.6,41.552,19.6,19.6,19.6,19.6,41.552,32.93,41.55,19.6,19.6,32.928,41.55,39.0,42.0,53.0,40.0,51.0,37.0,53.0,35.0,37.0,37.0,47.0,34.0,31.0,37.0,59.0,47.0,33.0,41.0,47.0,25.0,34.0,65.0,42.0,40.0,28.0,24.0,41.0,37.0,66.0,38.0,33.0,36.0,220.0,1593397260,node-down,1
16,20,0,48,41472,257790,0,12,2,2,1,5,732,2011001,632,732,216318,1,1198.0,67.0,4.2302260377e+17,0.0,21940070000000.0,6.0,4.346654886e+16,32.0,25.0,1.396354095e+17,16.24,14.16,15.79,21.0,0.0,0.0,955372.0,9766960.0,8388092.0,8388604.0,263977692.0,61339664.0,452075638.0,267719123.0,59.0,190724748.0,949106416.0,523248.0,6152.0,767579928.0,23224390.0,8192.0,5.0,0.0,0.0,1505280.0,327.0,0.0,0.0,0.0,0.0,0.0,0.0,5120.0,0.0,3042888192.0,18276156.0,2662931456.0,974227659.0,0.0,0.0,0.0,0.0,0.0,0.0,0.0,0.0,0.0,0.0,0.0,0.0,767579928.0,23224390.0,523248.0,6152.0,8192.0,5.0,48951296.0,2658.0,1024.0,2.0,10240000.0,8889.0,0.0,0.0,3150037504.0,18282149.0,2662932480.0,974227661.0,0.0,0.0,0.0,0.0,0.0,0.0,0.0,0.0,1505280.0,327.0,0.0,0.0,3042888192.0,18276156.0,2662931456.0,974227659.0,10240000.0,8889.0,0.0,0.0,0.0,0.0,0.0,0.0,0.0,0.0,0.0,0.0,0.0,0.0,0.0,0.0,3150037504.0,18282149.0,2662932480.0,974227661.0,0.0,0.0,0.0,0.0,0.0,0.0,0.0,0.0,8192.0,5.0,0.0,0.0,19.6,19.6,41.552,19.6,19.6,19.6,19.6,41.552,32.93,41.55,19.6,19.6,32.928,41.55,39.0,42.0,53.0,40.0,51.0,37.0,53.0,36.0,37.0,37.0,47.0,34.0,31.0,37.0,59.0,47.0,33.0,41.0,47.0,25.0,34.0,65.0,42.0,40.0,28.0,24.0,41.0,37.0,66.0,38.0,33.0,36.0,225.0,1593397320,node-down,1
16,20,0,48,41472,257790,0,12,2,2,1,5,732,2011001,632,732,216318,1,1902.0,67.0,4.2302450105e+17,0.0,21940130000000.0,6.0,4.346674367e+16,32.0,25.0,1.3963612716e+17,16.14,14.19,15.79,21.0,0.0,0.0,955372.0,9768900.0,8388092.0,8388604.0,263977692.0,61340124.0,452266579.0,267814241.5,59.0,190724748.0,949170920.0,523248.0,6152.0,767579928.0,23227960.0,8192.0,5.0,0.0,0.0,1505280.0,327.0,0.0,0.0,0.0,0.0,0.0,0.0,5120.0,0.0,3042888192.0,18276156.0,2662931456.0,974232152.0,0.0,0.0,0.0,0.0,0.0,0.0,0.0,0.0,0.0,0.0,0.0,0.0,3150037504.0,18282149.0,2662932480.0,974232154.0,0.0,0.0,48951296.0,2658.0,1024.0,2.0,10240000.0,8889.0,0.0,0.0,3150037504.0,18282149.0,2662932480.0,974232154.0,0.0,0.0,0.0,0.0,2662931456.0,974232152.0,5120.0,0.0,8192.0,5.0,0.0,0.0,0.0,0.0,0.0,0.0,0.0,0.0,0.0,0.0,0.0,0.0,0.0,0.0,1505280.0,327.0,0.0,0.0,0.0,0.0,0.0,0.0,0.0,0.0,0.0,0.0,10240000.0,8889.0,0.0,0.0,48951296.0,2658.0,1024.0,2.0,10240000.0,8889.0,0.0,0.0,19.6,19.6,38.416,19.6,24.696,24.696,24.7,38.416,30.58,38.42,24.7,19.6,30.576,38.42,39.0,42.0,52.0,40.0,51.0,37.0,53.0,35.0,37.0,37.0,47.0,34.0,31.0,36.0,59.0,47.0,33.0,41.0,47.0,25.0,34.0,64.0,42.0,40.0,28.0,24.0,41.0,37.0,66.0,38.0,33.0,36.0,235.0,1593397380,node-down,1
16,20,0,48,41472,257790,0,12,2,2,1,5,732,2011001,632,732,216318,1,2197.0,67.0,4.2302647541e+17,0.0,21940220000000.0,6.0,4.346694436e+16,32.0,25.0,1.3963687e+17,16.05,13.99,15.59,21.0,0.0,0.0,955522.0,9768836.0,8388092.0,8388604.0,263977692.0,61341920.0,452458911.0,268100917.0,59.0,190724748.0,949367336.0,523248.0,6152.0,767579928.0,23227022.0,8192.0,5.0,0.0,0.0,1505280.0,327.0,0.0,0.0,0.0,0.0,0.0,0.0,5120.0,0.0,3042888192.0,18276156.0,2770000896.0,974236928.0,0.0,0.0,0.0,0.0,0.0,0.0,0.0,0.0,0.0,0.0,0.0,0.0,1505280.0,327.0,0.0,0.0,5120.0,0.0,48951296.0,2658.0,1024.0,2.0,10240000.0,8889.0,0.0,0.0,3150037504.0,18282149.0,2770001920.0,974236930.0,0.0,0.0,0.0,0.0,3150037504.0,18282149.0,2770001920.0,974236930.0,1505280.0,327.0,0.0,0.0,48951296.0,2658.0,1024.0,2.0,0.0,0.0,0.0,0.0,0.0,0.0,0.0,0.0,0.0,0.0,0.0,0.0,10240000.0,8889.0,0.0,0.0,8192.0,5.0,0.0,0.0,3042888192.0,18276156.0,2770000896.0,974236928.0,0.0,0.0,0.0,0.0,0.0,0.0,0.0,0.0,19.6,19.6,38.416,19.6,19.6,19.6,19.6,38.416,30.58,38.42,19.6,19.6,30.576,38.42,39.0,42.0,52.0,40.0,50.0,37.0,53.0,36.0,37.0,37.0,47.0,33.0,31.0,36.0,59.0,47.0,33.0,41.0,47.0,25.0,34.0,64.0,42.0,40.0,28.0,24.0,41.0,37.0,66.0,38.0,33.0,36.0,220.0,1593397440,node-down,1
16,20,0,48,41472,257790,0,12,2,2,1,5,732,2011001,632,732,216318,1,1293.0,66.0,4.2302841579e+17,0.0,21940300000000.0,7.000000000000001,4.346715322e+16,33.0,26.0,1.3963764584e+17,16.15,16.87,16.01,22.0,0.0,0.0,955744.0,9769332.0,8388092.0,8388604.0,263977692.0,61339512.0,452660735.0,268301956.0,55.0,190724748.0,949504040.0,523248.0,6152.0,767579928.0,23227056.0,8192.0,5.0,0.0,0.0,1505280.0,327.0,0.0,0.0,0.0,0.0,0.0,0.0,5120.0,0.0,3042888192.0,18276156.0,2867026944.0,974241703.0,0.0,0.0,0.0,0.0,0.0,0.0,0.0,0.0,0.0,0.0,0.0,0.0,0.0,0.0,523248.0,6152.0,0.0,0.0,48951296.0,2658.0,1024.0,2.0,10240000.0,8889.0,0.0,0.0,3150037504.0,18282149.0,2867027968.0,974241705.0,0.0,0.0,0.0,0.0,0.0,0.0,767579928.0,23227056.0,1505280.0,327.0,0.0,0.0,5120.0,0.0,0.0,0.0,0.0,0.0,0.0,0.0,0.0,0.0,523248.0,6152.0,10240000.0,8889.0,0.0,0.0,3042888192.0,18276156.0,2867026944.0,974241703.0,3150037504.0,18282149.0,2867027968.0,974241705.0,0.0,0.0,0.0,0.0,48951296.0,2658.0,1024.0,2.0,8192.0,5.0,0.0,0.0,19.6,19.6,38.416,19.6,19.6,19.6,19.6,38.416,30.58,38.42,19.6,19.6,30.576,38.42,39.0,42.0,52.0,40.0,51.0,37.0,53.0,36.0,37.0,37.0,47.0,33.0,31.0,36.0,59.0,46.0,33.0,41.0,47.0,25.0,34.0,64.0,42.0,40.0,28.0,24.0,41.0,37.0,66.0,38.0,33.0,35.0,240.0,1593397500,node-up,2
16,20,0,48,41472,257790,0,12,2,2,1,5,732,2011001,632,732,216318,1,1632.0,64.0,4.2303028309e+17,0.0,21940390000000.0,8.0,4.346738989e+16,35.0,27.0,1.3963845853e+17,16.32,16.565,16.01,22.0,0.0,0.0,955744.0,9770700.0,8388092.0,8388604.0,263977692.0,61340260.0,452859620.0,268499189.0,54.0,190724748.0,949504040.0,523248.0,6152.0,767579928.0,23227844.0,8192.0,5.0,0.0,0.0,1505280.0,327.0,0.0,0.0,0.0,0.0,0.0,0.0,5120.0,0.0,3042888192.0,18276156.0,2933595136.0,974246635.0,0.0,0.0,0.0,0.0,0.0,0.0,0.0,0.0,0.0,0.0,0.0,0.0,0.0,0.0,0.0,0.0,10240000.0,8889.0,48951296.0,2658.0,1024.0,2.0,10240000.0,8889.0,0.0,0.0,3150037504.0,18282149.0,2933596160.0,974246637.0,0.0,0.0,0.0,0.0,1024.0,2.0,0.0,0.0,0.0,0.0,3150037504.0,18282149.0,2933596160.0,974246637.0,10240000.0,8889.0,0.0,0.0,0.0,0.0,0.0,0.0,3042888192.0,18276156.0,2933595136.0,974246635.0,767579928.0,23227844.0,0.0,0.0,0.0,0.0,0.0,0.0,0.0,0.0,8192.0,5.0,0.0,0.0,0.0,0.0,0.0,0.0,1505280.0,327.0,0.0,0.0,19.6,19.6,41.552,19.6,19.6,19.6,19.6,41.552,32.93,41.55,19.6,19.6,32.928,41.55,39.0,42.0,52.0,40.0,50.0,37.0,53.0,36.0,37.0,37.0,47.0,33.0,31.0,36.0,59.0,46.0,33.0,41.0,47.0,25.0,33.0,64.0,42.0,40.0,28.0,24.0,41.0,37.0,66.0,38.0,33.0,35.0,240.0,1593397560,node-up,2
16,20,0,48,41472,257790,0,12,2,2,1,5,732,2011001,632,732,216318,1,2049.0,63.0,4.2303209774e+17,0.0,21940510000000.0,8.0,4.34676252e+16,36.0,27.0,1.3963924489e+17,16.34,15.5,16.189999999999998,22.0,0.0,0.0,956046.0,9771556.0,8388092.0,8388604.0,263977692.0,61340312.0,452953601.0,268592529.5,54.0,190724748.0,949774528.0,523248.0,6152.0,767579928.0,23228816.0,8192.0,5.0,0.0,0.0,1505280.0,327.0,0.0,0.0,0.0,0.0,0.0,0.0,5120.0,0.0,3042888192.0,18276156.0,3014949888.0,974251381.0,0.0,0.0,0.0,0.0,0.0,0.0,0.0,0.0,0.0,0.0,0.0,0.0,0.0,0.0,3042888192.0,18276156.0,3014949888.0,974251381.0,48951296.0,2658.0,1024.0,2.0,10240000.0,8889.0,0.0,0.0,3150037504.0,18282149.0,3014950912.0,974251383.0,0.0,0.0,0.0,0.0,0.0,0.0,1505280.0,327.0,0.0,0.0,523248.0,6152.0,0.0,0.0,0.0,0.0,0.0,0.0,0.0,0.0,48951296.0,2658.0,1024.0,2.0,0.0,0.0,0.0,0.0,8192.0,5.0,0.0,0.0,10240000.0,8889.0,0.0,0.0,0.0,0.0,0.0,0.0,48951296.0,2658.0,1024.0,2.0,3150037504.0,18282149.0,3014950912.0,974251383.0,19.6,19.6,41.552,19.6,19.6,19.6,19.6,41.552,32.93,41.55,19.6,19.6,32.928,41.55,39.0,42.0,52.0,40.0,50.0,37.0,53.0,36.0,37.0,37.0,47.0,33.0,31.0,36.0,59.0,46.0,33.0,41.0,47.0,25.0,33.0,64.0,42.0,40.0,28.0,24.0,41.0,37.0,66.0,38.0,33.0,35.0,240.0,1593397620,node-up,2
16,20,0,48,41472,257790,0,12,2,2,1,5,732,2011001,632,732,216318,1,1763.0,64.0,4.2303395728e+17,0.0,21940600000000.0,8.0,4.346786036e+16,35.0,27.0,1.3964004823e+17,16.32,15.5,16.53,22.0,0.0,0.0,956252.0,9772620.0,8388092.0,8388604.0,263977692.0,61341172.0,453242336.0,268592529.5,54.0,190724748.0,949848648.0,523248.0,6152.0,767579928.0,23229624.0,8192.0,5.0,0.0,0.0,1505280.0,327.0,0.0,0.0,0.0,0.0,0.0,0.0,5120.0,0.0,3042888192.0,18276156.0,3047951360.0,974256521.0,0.0,0.0,0.0,0.0,0.0,0.0,0.0,0.0,0.0,0.0,0.0,0.0,0.0,0.0,5120.0,0.0,3150037504.0,18282149.0,48951296.0,2658.0,1024.0,2.0,10240000.0,8889.0,0.0,0.0,3150037504.0,18282149.0,3047952384.0,974256523.0,0.0,0.0,0.0,0.0,0.0,0.0,3150037504.0,18282149.0,3047952384.0,974256523.0,0.0,0.0,0.0,0.0,0.0,0.0,0.0,0.0,0.0,0.0,0.0,0.0,48951296.0,2658.0,1024.0,2.0,1505280.0,327.0,0.0,0.0,767579928.0,23229624.0,0.0,0.0,0.0,0.0,0.0,0.0,0.0,0.0,10240000.0,8889.0,0.0,0.0,0.0,0.0,0.0,0.0,21.56,21.56,38.416,21.56,27.048,27.048,27.05,38.416,30.58,38.42,27.05,21.56,30.576,38.42,39.0,42.0,53.0,40.0,51.0,37.0,53.0,36.0,37.0,37.0,47.0,33.0,31.0,36.0,59.0,46.0,33.0,41.0,47.0,25.0,33.0,64.0,42.0,40.0,28.0,24.0,41.0,37.0,66.0,38.0,33.0,35.0,225.0,1593397680,node-up,2
16,20,0,48,41472,257790,0,12,2,2,1,5,732,2011001,632,732,216318,1,1260.0,63.0,4.2303586936e+17,0.0,21940690000000.0,8.0,4.346810618e+16,36.0,27.0,1.3964087933e+17,16.31,16.79,16.405,22.0,0.0,0.0,956432.0,9773028.0,8388092.0,8388604.0,263977692.0,61338580.0,453440252.0,268977378.5,54.0,190724748.0,950054720.0,523248.0,6152.0,767579928.0,23233688.0,8192.0,5.0,0.0,0.0,1505280.0,327.0,0.0,0.0,0.0,0.0,0.0,0.0,5120.0,0.0,3042888192.0,18276156.0,3161177088.0,974260883.0,0.0,0.0,0.0,0.0,0.0,0.0,0.0,0.0,0.0,0.0,0.0,0.0,0.0,0.0,0.0,0.0,0.0,0.0,48951296.0,2658.0,1024.0,2.0,10240000.0,8889.0,0.0,0.0,3150037504.0,18282149.0,3161178112.0,974260885.0,0.0,0.0,0.0,0.0,0.0,0.0,0.0,0.0,0.0,0.0,0.0,0.0,0.0,0.0,0.0,0.0,0.0,0.0,0.0,0.0,3042888192.0,18276156.0,3161177088.0,974260883.0,10240000.0,8889.0,0.0,0.0,0.0,0.0,0.0,0.0,0.0,0.0,0.0,0.0,0.0,0.0,0.0,0.0,5120.0,0.0,767579928.0,23233688.0,3150037504.0,18282149.0,3161178112.0,974260885.0,19.6,19.6,38.416,19.6,19.6,19.6,19.6,38.416,30.58,38.42,19.6,19.6,30.576,38.42,39.0,42.0,52.0,40.0,51.0,37.0,53.0,35.0,37.0,37.0,47.0,34.0,31.0,36.0,59.0,46.0,33.0,42.0,47.0,25.0,33.0,64.0,42.0,40.0,28.0,24.0,41.0,37.0,66.0,38.0,33.0,35.0,235.0,1593397740,node-up,2
16,20,0,48,41472,257790,0,12,2,2,1,5,732,2011001,632,732,216318,1,1198.0,64.0,4.2303767765e+17,0.0,21940770000000.0,7.000000000000001,4.346832812e+16,35.0,27.0,1.3964165004e+17,16.35,16.04,16.47,21.0,0.0,0.0,956596.0,9774448.0,8388092.0,8388604.0,263977692.0,61355700.0,453536410.5,269266250.0,59.0,190724748.0,950190304.0,523248.0,6152.0,767579928.0,23232604.0,8192.0,5.0,0.0,0.0,1505280.0,327.0,0.0,0.0,0.0,0.0,0.0,0.0,5120.0,0.0,3042888192.0,18276156.0,3191260160.0,974265669.0,0.0,0.0,0.0,0.0,0.0,0.0,0.0,0.0,0.0,0.0,0.0,0.0,0.0,0.0,0.0,0.0,0.0,0.0,48951296.0,2658.0,1024.0,2.0,10240000.0,8889.0,0.0,0.0,3150037504.0,18282149.0,3191261184.0,974265671.0,0.0,0.0,0.0,0.0,767579928.0,23232604.0,3150037504.0,18282149.0,3191261184.0,974265671.0,3042888192.0,18276156.0,3191260160.0,974265669.0,48951296.0,2658.0,1024.0,2.0,0.0,0.0,0.0,0.0,10240000.0,8889.0,0.0,0.0,0.0,0.0,0.0,0.0,523248.0,6152.0,3150037504.0,18282149.0,3191261184.0,974265671.0,0.0,0.0,0.0,0.0,8192.0,5.0,0.0,0.0,0.0,0.0,0.0,0.0,19.6,19.6,38.416,19.6,19.6,19.6,19.6,38.416,30.58,38.42,19.6,19.6,30.576,38.42,39.0,42.0,53.0,40.0,51.0,37.0,53.0,35.0,37.0,37.0,47.0,34.0,31.0,37.0,59.0,47.0,33.0,42.0,47.0,25.0,34.0,64.0,42.0,40.0,29.0,25.0,41.0,37.0,66.0,38.0,33.0,36.0,240.0,1593397800,node-down,1
16,20,0,48,41472,257790,0,12,2,2,1,5,732,2011001,632,732,216318,1,1270.0,71.0,4.2303974436e+17,0.0,21940820000000.0,6.0,4.346850335e+16,28.000000000000004,22.0,1.3964230663e+17,16.35,16.04,16.2,19.0,0.0,0.0,956732.0,9775212.0,8388092.0,8388604.0,263977692.0,61358076.0,453827619.0,269459762.0,61.0,190724748.0,950328728.0,523248.0,6152.0,767579928.0,23232604.0,8192.0,5.0,0.0,0.0,1505280.0,327.0,0.0,0.0,0.0,0.0,0.0,0.0,5120.0,0.0,3042888192.0,18276156.0,3288796160.0,974270837.0,0.0,0.0,0.0,0.0,0.0,0.0,0.0,0.0,0.0,0.0,0.0,0.0,0.0,0.0,0.0,0.0,0.0,0.0,48951296.0,2658.0,1024.0,2.0,10240000.0,8889.0,0.0,0.0,3150037504.0,18282149.0,3288797184.0,974270839.0,0.0,0.0,0.0,0.0,0.0,0.0,0.0,0.0,8192.0,5.0,0.0,0.0,0.0,0.0,0.0,0.0,1505280.0,327.0,0.0,0.0,48951296.0,2658.0,1024.0,2.0,10240000.0,8889.0,0.0,0.0,3150037504.0,18282149.0,3288797184.0,974270839.0,0.0,0.0,0.0,0.0,1505280.0,327.0,0.0,0.0,0.0,0.0,0.0,0.0,0.0,0.0,0.0,0.0,19.6,19.6,41.552,19.6,19.6,19.6,19.6,41.552,32.93,41.55,19.6,19.6,32.928,41.55,39.0,42.0,52.0,40.0,51.0,37.0,53.0,35.0,38.0,37.0,46.0,34.0,31.0,37.0,59.0,47.0,33.0,41.0,47.0,25.0,34.0,65.0,42.0,40.0,29.0,25.0,41.0,37.0,66.0,39.0,33.0,36.0,215.0,1593397860,node-down,1
16,20,0,48,41472,257790,0,12,2,2,1,5,732,2011001,632,732,216318,1,1198.0,70.0,4.2304174146e+17,0.0,21940900000000.0,5.0,4.346866643e+16,28.999999999999996,23.0,1.396429689e+17,16.21,14.77,15.7,19.0,0.0,0.0,956908.0,9776216.0,8388092.0,8388604.0,263977692.0,61357200.0,454021719.0,269555979.5,64.0,190724748.0,950459680.0,523248.0,6152.0,767579928.0,23232948.0,8192.0,5.0,0.0,0.0,1505280.0,327.0,0.0,0.0,0.0,0.0,0.0,0.0,5120.0,0.0,3042888192.0,18276156.0,3355778048.0,974275039.0,0.0,0.0,0.0,0.0,0.0,0.0,0.0,0.0,0.0,0.0,0.0,0.0,3042888192.0,18276156.0,3355778048.0,974275039.0,0.0,0.0,48951296.0,2658.0,1024.0,2.0,10240000.0,8889.0,0.0,0.0,3150037504.0,18282149.0,3355779072.0,974275041.0,0.0,0.0,0.0,0.0,8192.0,5.0,0.0,0.0,8192.0,5.0,0.0,0.0,3150037504.0,18282149.0,3355779072.0,974275041.0,0.0,0.0,0.0,0.0,0.0,0.0,0.0,0.0,0.0,0.0,0.0,0.0,1505280.0,327.0,0.0,0.0,0.0,0.0,0.0,0.0,3042888192.0,18276156.0,3355778048.0,974275039.0,48951296.0,2658.0,1024.0,2.0,0.0,0.0,0.0,0.0,19.6,19.6,38.416,19.6,19.6,19.6,19.6,38.416,30.58,38.42,19.6,19.6,30.576,38.42,39.0,42.0,52.0,40.0,50.0,38.0,53.0,35.0,38.0,37.0,46.0,34.0,31.0,37.0,59.0,47.0,33.0,41.0,47.0,25.0,34.0,64.0,42.0,40.0,29.0,25.0,41.0,37.0,66.0,38.0,33.0,36.0,225.0,1593397920,node-down,1
16,20,0,48,41472,257790,0,12,2,2,1,5,732,2011001,632,732,216318,1,1198.0,70.0,4.2304381667e+17,0.0,21940960000000.0,5.0,4.346883997e+16,28.999999999999996,23.0,1.3964364515e+17,16.23,16.04,15.889999999999999,19.0,0.0,0.0,957040.0,9777036.0,8388092.0,8388604.0,263977692.0,61362168.0,454214471.0,269843037.0,64.0,190724748.0,950590744.0,523248.0,6152.0,767579928.0,23235852.0,8192.0,5.0,0.0,0.0,1505280.0,327.0,0.0,0.0,0.0,0.0,0.0,0.0,5120.0,0.0,3042888192.0,18276156.0,3422895104.0,974279748.0,0.0,0.0,0.0,0.0,0.0,0.0,0.0,0.0,0.0,0.0,0.0,0.0,0.0,0.0,5120.0,0.0,1505280.0,327.0,48951296.0,2658.0,1024.0,2.0,10240000.0,8889.0,0.0,0.0,3150037504.0,18282149.0,3422896128.0,974279750.0,0.0,0.0,0.0,0.0,0.0,0.0,0.0,0.0,0.0,0.0,3150037504.0,18282149.0,3422896128.0,974279750.0,10240000.0,8889.0,0.0,0.0,767579928.0,23235852.0,0.0,0.0,0.0,0.0,48951296.0,2658.0,1024.0,2.0,3042888192.0,18276156.0,3422895104.0,974279748.0,0.0,0.0,0.0,0.0,0.0,0.0,0.0,0.0,0.0,0.0,0.0,0.0,0.0,0.0,0.0,0.0,19.6,19.6,38.416,19.6,19.6,19.6,19.6,38.416,30.58,38.42,19.6,19.6,30.576,38.42,39.0,42.0,52.0,40.0,50.0,38.0,53.0,36.0,38.0,38.0,46.0,34.0,31.0,37.0,59.0,47.0,33.0,41.0,47.0,25.0,34.0,64.0,42.0,40.0,29.0,25.0,41.0,37.0,67.0,39.0,33.0,36.0,215.0,1593397980,node-down,1
16,20,0,48,41472,257790,0,12,2,2,1,5,732,2011001,632,732,216318,1,1568.0,70.0,4.2304585229e+17,0.0,21941020000000.0,5.0,4.346901091e+16,28.999999999999996,23.0,1.3964432565e+17,16.26,15.735,16.14,19.0,0.0,0.0,957124.0,9777916.0,8388092.0,8388604.0,263977692.0,61364404.0,454311784.0,270036198.0,63.0,190724748.0,950714528.0,523248.0,6152.0,767579928.0,23235564.0,8192.0,5.0,0.0,0.0,1505280.0,327.0,0.0,0.0,0.0,0.0,0.0,0.0,5120.0,0.0,3042888192.0,18276156.0,3486776320.0,974284381.0,0.0,0.0,0.0,0.0,0.0,0.0,0.0,0.0,0.0,0.0,0.0,0.0,0.0,0.0,523248.0,6152.0,767579928.0,23235564.0,48951296.0,2658.0,1024.0,2.0,10240000.0,8889.0,0.0,0.0,3150037504.0,18282149.0,3486777344.0,974284383.0,0.0,0.0,0.0,0.0,0.0,0.0,0.0,0.0,3042888192.0,18276156.0,3486776320.0,974284381.0,3150037504.0,18282149.0,3486777344.0,974284383.0,48951296.0,2658.0,1024.0,2.0,0.0,0.0,0.0,0.0,10240000.0,8889.0,0.0,0.0,0.0,0.0,0.0,0.0,0.0,0.0,0.0,0.0,3150037504.0,18282149.0,3486777344.0,974284383.0,8192.0,5.0,0.0,0.0,0.0,0.0,0.0,0.0,19.6,19.6,38.416,19.6,19.6,19.6,19.6,38.416,30.58,38.42,19.6,19.6,30.576,38.42,39.0,42.0,52.0,41.0,50.0,38.0,53.0,36.0,38.0,38.0,47.0,34.0,31.0,37.0,59.0,47.0,33.0,41.0,47.0,26.0,34.0,64.0,43.0,40.0,29.0,25.0,41.0,37.0,67.0,39.0,33.0,36.0,225.0,1593398040,node-down,1
16,20,0,48,41472,257790,0,12,2,2,1,5,732,2011001,632,732,216318,1,1265.0,70.0,4.230478982e+17,0.0,21941060000000.0,6.0,4.346918626e+16,28.999999999999996,23.0,1.3964501856e+17,16.31,15.735,16.31,19.5,0.0,0.0,957324.0,9779044.0,8388092.0,8388604.0,263977692.0,61346396.0,454607086.0,270232460.0,60.0,190724748.0,950789660.0,523248.0,6152.0,767579928.0,23235916.0,8192.0,5.0,0.0,0.0,1505280.0,327.0,0.0,0.0,0.0,0.0,0.0,0.0,5120.0,0.0,3042888192.0,18276156.0,3563195392.0,974289390.0,0.0,0.0,0.0,0.0,0.0,0.0,0.0,0.0,0.0,0.0,0.0,0.0,0.0,0.0,0.0,0.0,0.0,0.0,48951296.0,2658.0,1024.0,2.0,10240000.0,8889.0,0.0,0.0,3150037504.0,18282149.0,3563196416.0,974289392.0,0.0,0.0,0.0,0.0,1024.0,2.0,3150037504.0,18282149.0,3563196416.0,974289392.0,0.0,0.0,0.0,0.0,8192.0,5.0,0.0,0.0,0.0,0.0,0.0,0.0,1505280.0,327.0,0.0,0.0,5120.0,0.0,3042888192.0,18276156.0,3563195392.0,974289390.0,0.0,0.0,0.0,0.0,0.0,0.0,0.0,0.0,10240000.0,8889.0,0.0,0.0,0.0,0.0,0.0,0.0,19.6,19.6,38.416,19.6,19.6,19.6,19.6,38.416,30.58,38.42,19.6,19.6,30.576,38.42,39.0,42.0,51.0,41.0,50.0,38.0,53.0,36.0,38.0,38.0,46.0,34.0,31.0,37.0,60.0,47.0,33.0,41.0,47.0,25.0,34.0,64.0,42.0,40.0,29.0,24.0,41.0,37.0,67.0,39.0,33.0,36.0,220.0,1593398100,node-up,2
16,20,0,48,41472,257790,0,12,2,2,1,5,732,2011001,632,732,216318,1,1198.0,64.0,4.2304975967e+17,0.0,21941170000000.0,8.0,4.346941898e+16,35.0,27.0,1.3964582856e+17,16.31,17.82,16.31,22.0,0.0,0.0,957460.0,9781428.0,8388092.0,8388604.0,263977692.0,61354200.0,454802758.0,270426792.0,54.0,190724748.0,950995160.0,523248.0,6152.0,767579928.0,23238056.0,8192.0,5.0,0.0,0.0,1505280.0,327.0,0.0,0.0,0.0,0.0,0.0,0.0,5120.0,0.0,3042888192.0,18276156.0,3629952000.0,974293971.0,0.0,0.0,0.0,0.0,0.0,0.0,0.0,0.0,0.0,0.0,0.0,0.0,1505280.0,327.0,0.0,0.0,3042888192.0,18276156.0,48951296.0,2658.0,1024.0,2.0,10240000.0,8889.0,0.0,0.0,3150037504.0,18282149.0,3629953024.0,974293973.0,0.0,0.0,0.0,0.0,0.0,0.0,3150037504.0,18282149.0,3629953024.0,974293973.0,48951296.0,2658.0,1024.0,2.0,3042888192.0,18276156.0,3629952000.0,974293971.0,3150037504.0,18282149.0,3629953024.0,974293973.0,0.0,0.0,0.0,0.0,5120.0,0.0,0.0,0.0,0.0,0.0,8192.0,5.0,0.0,0.0,0.0,0.0,0.0,0.0,0.0,0.0,0.0,0.0,0.0,0.0,0.0,0.0,19.6,19.6,38.416,19.6,19.6,19.6,19.6,38.416,30.58,38.42,19.6,19.6,30.576,38.42,39.0,42.0,52.0,40.0,50.0,38.0,53.0,36.0,38.0,37.0,48.0,34.0,31.0,37.0,59.0,47.0,33.0,41.0,47.0,25.0,34.0,64.0,42.0,40.0,29.0,24.0,41.0,37.0,67.0,39.0,33.0,36.0,240.0,1593398160,node-up,2
16,20,0,48,41472,257790,0,12,2,2,1,5,732,2011001,632,732,216318,1,1267.0,63.0,4.2305156902e+17,0.0,21941210000000.0,8.0,4.346964824e+16,36.0,28.000000000000004,1.3964662224e+17,16.549999999999997,17.27,16.905,22.0,0.0,0.0,957460.0,9780832.0,8388092.0,8388604.0,263977692.0,61352190.0,455012324.0,270634912.0,54.0,190724748.0,951127872.0,523248.0,6152.0,767579928.0,23238628.0,8192.0,5.0,0.0,0.0,1505280.0,327.0,0.0,0.0,0.0,0.0,0.0,0.0,5120.0,0.0,3042888192.0,18276156.0,3704470528.0,974298962.0,0.0,0.0,0.0,0.0,0.0,0.0,0.0,0.0,0.0,0.0,0.0,0.0,0.0,0.0,0.0,0.0,0.0,0.0,48951296.0,2658.0,1024.0,2.0,10240000.0,8889.0,0.0,0.0,3150037504.0,18282149.0,3704471552.0,974298964.0,0.0,0.0,0.0,0.0,1024.0,2.0,0.0,0.0,0.0,0.0,3042888192.0,18276156.0,3704470528.0,974298962.0,0.0,0.0,0.0,0.0,767579928.0,23238628.0,0.0,0.0,0.0,0.0,10240000.0,8889.0,0.0,0.0,3150037504.0,18282149.0,3704471552.0,974298964.0,8192.0,5.0,0.0,0.0,3042888192.0,18276156.0,3704470528.0,974298962.0,0.0,0.0,0.0,0.0,0.0,0.0,0.0,0.0,19.6,19.6,41.552,19.6,19.6,19.6,19.6,41.552,32.93,41.55,19.6,19.6,32.928,41.55,39.0,43.0,52.0,40.0,51.0,38.0,53.0,36.0,38.0,38.0,48.0,34.0,31.0,37.0,59.0,47.0,33.0,42.0,47.0,25.0,34.0,64.0,43.0,40.0,29.0,24.0,41.0,37.0,67.0,39.0,33.0,36.0,225.0,1593398220,node-up,2
16,20,0,48,41472,257790,0,12,2,2,1,5,732,2011001,632,732,216318,1,1198.0,63.0,4.2305343692e+17,0.0,21941310000000.0,8.0,4.3469887e+16,36.0,27.0,1.3964743711e+17,16.68,18.64,17.16,22.0,0.0,0.0,957642.0,9781748.0,8388092.0,8388604.0,263977692.0,61354612.0,455101466.0,270723403.0,54.0,190724748.0,951189640.0,523248.0,6152.0,767579928.0,23238312.0,8192.0,5.0,0.0,0.0,1505280.0,327.0,0.0,0.0,0.0,0.0,0.0,0.0,5120.0,0.0,3042888192.0,18276156.0,3732921344.0,974300981.5,0.0,0.0,0.0,0.0,0.0,0.0,0.0,0.0,0.0,0.0,0.0,0.0,767579928.0,23238312.0,3150037504.0,18282149.0,3732922368.0,974300983.5,48951296.0,2658.0,1024.0,2.0,10240000.0,8889.0,0.0,0.0,3150037504.0,18282149.0,3732922368.0,974300983.5,0.0,0.0,0.0,0.0,8192.0,5.0,0.0,0.0,0.0,0.0,0.0,0.0,3042888192.0,18276156.0,3732921344.0,974300981.5,0.0,0.0,0.0,0.0,48951296.0,2658.0,1024.0,2.0,0.0,0.0,0.0,0.0,8192.0,5.0,0.0,0.0,0.0,0.0,0.0,0.0,0.0,0.0,0.0,0.0,10240000.0,8889.0,0.0,0.0,1505280.0,327.0,0.0,0.0,19.6,19.6,41.552,19.6,19.6,19.6,19.6,41.552,32.93,41.55,19.6,19.6,32.928,41.55,39.0,43.0,52.0,40.0,51.0,38.0,53.0,36.0,38.0,37.0,47.0,34.0,31.0,37.0,59.0,47.0,33.0,42.0,47.0,25.0,34.0,64.0,42.0,40.0,29.0,24.0,41.0,37.0,66.0,38.0,33.0,36.0,225.0,1593398280,node-up,2
16,20,0,48,41472,257790,0,12,2,2,1,5,732,2011001,632,732,216318,1,1539.0,63.0,4.2305524687e+17,0.0,21941370000000.0,7.000000000000001,4.347011337e+16,36.0,28.000000000000004,1.396482308e+17,16.83,18.27,17.48,22.0,0.0,0.0,957776.0,9782660.0,8388092.0,8388604.0,263977692.0,61351380.0,455385790.0,271005814.0,54.0,190724748.0,951397720.0,523248.0,6152.0,767579928.0,23238312.0,8192.0,5.0,0.0,0.0,1505280.0,327.0,0.0,0.0,0.0,0.0,0.0,0.0,5120.0,0.0,3042888192.0,18276156.0,3732921344.0,974308576.0,0.0,0.0,0.0,0.0,0.0,0.0,0.0,0.0,0.0,0.0,0.0,0.0,523248.0,6152.0,48951296.0,2658.0,1024.0,2.0,48951296.0,2658.0,1024.0,2.0,10240000.0,8889.0,0.0,0.0,3150037504.0,18282149.0,3732922368.0,974308578.0,0.0,0.0,0.0,0.0,0.0,0.0,0.0,0.0,0.0,0.0,0.0,0.0,0.0,0.0,0.0,0.0,3150037504.0,18282149.0,3732922368.0,974308578.0,10240000.0,8889.0,0.0,0.0,8192.0,5.0,0.0,0.0,0.0,0.0,0.0,0.0,48951296.0,2658.0,1024.0,2.0,0.0,0.0,0.0,0.0,0.0,0.0,0.0,0.0,1505280.0,327.0,0.0,0.0,19.6,19.6,38.416,19.6,20.384,20.384,20.38,38.416,30.58,38.42,20.38,19.6,30.576,38.42,39.0,43.0,52.0,40.0,51.0,37.0,53.0,36.0,38.0,37.0,47.0,34.0,31.0,37.0,59.0,47.0,33.0,42.0,47.0,25.0,34.0,64.0,43.0,40.0,29.0,24.0,41.0,37.0,66.0,38.0,33.0,36.0,240.0,1593398340,node-up,2
16,20,0,48,41472,257790,0,12,2,2,1,5,732,2011001,632,732,216318,1,1951.0,63.0,4.2305710578e+17,0.0,21941490000000.0,8.0,4.347034908e+16,36.0,27.0,1.3964904252e+17,16.82,16.86,17.34,22.0,0.0,0.0,957868.0,9783096.0,8388092.0,8388604.0,263977692.0,61364480.0,455584085.0,271202496.0,54.5,190724748.0,951530360.0,523248.0,6152.0,767579928.0,23240916.0,8192.0,5.0,0.0,0.0,1505280.0,327.0,0.0,0.0,0.0,0.0,0.0,0.0,5120.0,0.0,3042888192.0,18276156.0,3915054080.0,974310768.5,0.0,0.0,0.0,0.0,0.0,0.0,0.0,0.0,0.0,0.0,0.0,0.0,0.0,0.0,48951296.0,2658.0,1024.0,2.0,48951296.0,2658.0,1024.0,2.0,10240000.0,8889.0,0.0,0.0,3150037504.0,18282149.0,3915055104.0,974310770.5,0.0,0.0,0.0,0.0,0.0,0.0,3150037504.0,18282149.0,3915055104.0,974310770.5,48951296.0,2658.0,1024.0,2.0,10240000.0,8889.0,0.0,0.0,3042888192.0,18276156.0,3915054080.0,974310768.5,0.0,0.0,0.0,0.0,523248.0,6152.0,0.0,0.0,0.0,0.0,0.0,0.0,0.0,0.0,0.0,0.0,0.0,0.0,1505280.0,327.0,0.0,0.0,8192.0,5.0,0.0,0.0,19.6,19.6,38.416,19.6,19.6,19.6,19.6,38.416,30.58,38.42,19.6,19.6,30.576,38.42,39.0,42.0,53.0,40.0,51.0,37.0,53.0,35.0,38.0,37.0,47.0,34.0,31.0,37.0,59.0,47.0,33.0,41.0,47.0,25.0,34.0,64.0,43.0,40.0,29.0,24.0,41.0,37.0,66.0,38.0,33.0,36.0,225.0,1593398400,node-down,1
16,20,0,48,41472,257790,0,12,2,2,1,5,732,2011001,632,732,216318,1,1344.0,70.0,4.230591104e+17,0.0,21941530000000.0,6.0,4.347053216e+16,28.999999999999996,23.0,1.3964971648e+17,16.82,13.79,17.34,22.0,0.0,0.0,957944.0,9784460.0,8388092.0,8388604.0,263977692.0,61364480.0,455584085.0,271403256.0,63.0,190724748.0,951530360.0,523248.0,6152.0,767579928.0,23243244.0,8192.0,5.0,0.0,0.0,1505280.0,327.0,0.0,0.0,0.0,0.0,0.0,0.0,5120.0,0.0,3042888192.0,18276156.0,3915054080.0,974317932.0,0.0,0.0,0.0,0.0,0.0,0.0,0.0,0.0,0.0,0.0,0.0,0.0,0.0,0.0,0.0,0.0,48951296.0,2658.0,48951296.0,2658.0,1024.0,2.0,10240000.0,8889.0,0.0,0.0,3150037504.0,18282149.0,3915055104.0,974317934.0,0.0,0.0,0.0,0.0,0.0,0.0,767579928.0,23243244.0,48951296.0,2658.0,1024.0,2.0,0.0,0.0,0.0,0.0,0.0,0.0,0.0,0.0,0.0,0.0,0.0,0.0,1505280.0,327.0,0.0,0.0,8192.0,5.0,0.0,0.0,0.0,0.0,0.0,0.0,10240000.0,8889.0,0.0,0.0,3042888192.0,18276156.0,3915054080.0,974317932.0,0.0,0.0,0.0,0.0,19.6,19.6,41.552,19.6,19.6,19.6,19.6,41.552,32.93,41.55,19.6,19.6,32.928,41.55,39.0,42.0,53.0,40.0,50.0,37.0,53.0,35.0,38.0,37.0,46.0,34.0,31.0,37.0,59.0,47.0,33.0,41.0,47.0,25.0,34.0,64.0,42.0,40.0,28.0,24.0,41.0,37.0,66.0,38.0,33.0,36.0,215.0,1593398460,node-down,1
16,20,0,48,41472,257790,0,12,2,2,1,5,732,2011001,632,732,216318,1,1198.0,69.0,4.2306107993e+17,0.0,21941610000000.0,6.0,4.347071275e+16,30.0,23.0,1.3965038426e+17,17.23,24.16,17.545,19.0,0.0,0.0,958176.0,9785328.0,8388092.0,8388604.0,263977692.0,61365952.0,455884001.5,271597548.0,62.0,190724748.0,951719720.0,523248.0,6152.0,767579928.0,23244652.0,8192.0,5.0,0.0,0.0,1505280.0,327.0,0.0,0.0,0.0,0.0,0.0,0.0,5120.0,0.0,3042888192.0,18276156.0,4057967616.0,974317932.0,0.0,0.0,0.0,0.0,0.0,0.0,0.0,0.0,0.0,0.0,0.0,0.0,10240000.0,8889.0,0.0,0.0,0.0,0.0,48951296.0,2658.0,1024.0,2.0,10240000.0,8889.0,0.0,0.0,3150037504.0,18282149.0,4057968640.0,974317934.0,0.0,0.0,0.0,0.0,0.0,0.0,0.0,0.0,0.0,0.0,0.0,0.0,0.0,0.0,0.0,0.0,10240000.0,8889.0,0.0,0.0,0.0,0.0,0.0,0.0,0.0,0.0,0.0,0.0,3042888192.0,18276156.0,4057967616.0,974317932.0,0.0,0.0,0.0,0.0,3150037504.0,18282149.0,4057968640.0,974317934.0,8192.0,5.0,0.0,0.0,0.0,0.0,0.0,0.0,19.6,19.6,38.416,19.6,19.6,19.6,19.6,38.416,30.58,38.42,19.6,19.6,30.576,38.42,39.0,42.0,52.0,40.0,50.0,37.0,53.0,36.0,37.0,37.0,46.0,34.0,31.0,36.0,59.0,47.0,33.0,42.0,47.0,25.0,33.0,64.0,42.0,40.0,28.0,24.0,41.0,37.0,66.0,38.0,33.0,36.0,230.0,1593398520,node-down,1
